2025-07-29 17:02:25,359 [1] WARN  Microsoft.EntityFrameworkCore.Model.Validation - Entity 'LeaveType' has a global query filter defined and is the required end of a relationship with the entity 'LeaveBalance'. This may lead to unexpected results when the required entity is filtered out. Either configure the navigation as optional, or define matching query filters for both entities in the navigation. See https://go.microsoft.com/fwlink/?linkid=2131316 for more information.
2025-07-29 17:02:25,372 [1] WARN  Microsoft.EntityFrameworkCore.Model.Validation - Entity 'User' has a global query filter defined and is the required end of a relationship with the entity 'LeaveRequestComment'. This may lead to unexpected results when the required entity is filtered out. Either configure the navigation as optional, or define matching query filters for both entities in the navigation. See https://go.microsoft.com/fwlink/?linkid=2131316 for more information.
2025-07-29 17:02:25,372 [1] WARN  Microsoft.EntityFrameworkCore.Model.Validation - Entity 'User' has a global query filter defined and is the required end of a relationship with the entity 'RefreshToken'. This may lead to unexpected results when the required entity is filtered out. Either configure the navigation as optional, or define matching query filters for both entities in the navigation. See https://go.microsoft.com/fwlink/?linkid=2131316 for more information.
2025-07-29 17:02:25,937 [1] INFO  Microsoft.EntityFrameworkCore.Database.Command - Executed DbCommand (40ms) [Parameters=[], CommandType='Text', CommandTimeout='30']
SELECT EXISTS (
    SELECT 1 FROM pg_catalog.pg_class c
    JOIN pg_catalog.pg_namespace n ON n.oid=c.relnamespace
    WHERE n.nspname='public' AND
          c.relname='__EFMigrationsHistory'
)
2025-07-29 17:02:25,950 [1] INFO  Microsoft.EntityFrameworkCore.Database.Command - Executed DbCommand (2ms) [Parameters=[], CommandType='Text', CommandTimeout='30']
SELECT EXISTS (
    SELECT 1 FROM pg_catalog.pg_class c
    JOIN pg_catalog.pg_namespace n ON n.oid=c.relnamespace
    WHERE n.nspname='public' AND
          c.relname='__EFMigrationsHistory'
)
2025-07-29 17:02:25,979 [1] INFO  Microsoft.EntityFrameworkCore.Database.Command - Executed DbCommand (7ms) [Parameters=[], CommandType='Text', CommandTimeout='30']
SELECT "MigrationId", "ProductVersion"
FROM "__EFMigrationsHistory"
ORDER BY "MigrationId";
2025-07-29 17:02:26,004 [1] INFO  Microsoft.EntityFrameworkCore.Migrations - No migrations were applied. The database is already up to date.
2025-07-29 17:02:26,512 [.NET TP Worker] INFO  Microsoft.EntityFrameworkCore.Database.Command - Executed DbCommand (29ms) [Parameters=[], CommandType='Text', CommandTimeout='30']
SELECT l."Id", l."CreatedAt", l."DeletedAt", l."EndDate", l."IsDeleted", l."LeaveTypeId", l."Reason", l."ReviewedById", l."StartDate", l."Status", l."UpdatedAt", l."UserId", t."Id", t."CreatedAt", t."CreatedBy", t."DeletedAt", t."Email", t."Gender", t."IsActive", t."IsDeleted", t."LastLoginAt", t."PasswordHash", t."Role", t."Username", t0."Id", t0."CreatedAt", t0."CreatedBy", t0."DeletedAt", t0."Description", t0."IsDeleted", t0."Name", t0."StandardLeaveCount", t0."UpdatedAt", t0."UpdatedBy", t1."Id", t1."CreatedAt", t1."CreatedBy", t1."DeletedAt", t1."Email", t1."Gender", t1."IsActive", t1."IsDeleted", t1."LastLoginAt", t1."PasswordHash", t1."Role", t1."Username", t2."Id", t2."DeletedAt", t2."FileContent", t2."FileName", t2."IsDeleted", t2."LeaveRequestId", t2."UploadedAt"
FROM "LeaveRequests" AS l
INNER JOIN (
    SELECT u."Id", u."CreatedAt", u."CreatedBy", u."DeletedAt", u."Email", u."Gender", u."IsActive", u."IsDeleted", u."LastLoginAt", u."PasswordHash", u."Role", u."Username"
    FROM "Users" AS u
    WHERE NOT (u."IsDeleted")
) AS t ON l."UserId" = t."Id"
INNER JOIN (
    SELECT l0."Id", l0."CreatedAt", l0."CreatedBy", l0."DeletedAt", l0."Description", l0."IsDeleted", l0."Name", l0."StandardLeaveCount", l0."UpdatedAt", l0."UpdatedBy"
    FROM "LeaveTypes" AS l0
    WHERE NOT (l0."IsDeleted")
) AS t0 ON l."LeaveTypeId" = t0."Id"
LEFT JOIN (
    SELECT u0."Id", u0."CreatedAt", u0."CreatedBy", u0."DeletedAt", u0."Email", u0."Gender", u0."IsActive", u0."IsDeleted", u0."LastLoginAt", u0."PasswordHash", u0."Role", u0."Username"
    FROM "Users" AS u0
    WHERE NOT (u0."IsDeleted")
) AS t1 ON l."ReviewedById" = t1."Id"
LEFT JOIN (
    SELECT l1."Id", l1."DeletedAt", l1."FileContent", l1."FileName", l1."IsDeleted", l1."LeaveRequestId", l1."UploadedAt"
    FROM "LeaveAttachments" AS l1
    WHERE NOT (l1."IsDeleted")
) AS t2 ON l."Id" = t2."LeaveRequestId"
WHERE NOT (l."IsDeleted")
ORDER BY l."Id", t."Id", t0."Id", t1."Id"
2025-07-29 17:02:26,576 [1] INFO  Microsoft.Hosting.Lifetime - Now listening on: http://localhost:5050
2025-07-29 17:02:26,579 [1] INFO  Microsoft.Hosting.Lifetime - Application started. Press Ctrl+C to shut down.
2025-07-29 17:02:26,579 [1] INFO  Microsoft.Hosting.Lifetime - Hosting environment: Development
2025-07-29 17:02:26,579 [1] INFO  Microsoft.Hosting.Lifetime - Content root path: /Users/roopanvishnu/Documents/GensparkTraining/Training/15-07/LeaveManagementSystem-Final/LeaveManagementSystem-With-Notification/LeaveManagementSystem
2025-07-29 17:03:38,547 [.NET TP Worker] INFO  LeaveManagementSystem.Middlewares.ExceptionHandlingMiddleware - [Incoming Request] Timestamp: 2025-07-29T11:33:38.5461540Z, Method: GET, Path: /api/v1/notifications/unread/0d1f064b-6d80-4978-a3db-f097e55ab15b, User: Anonymous
2025-07-29 17:03:38,679 [.NET TP Worker] INFO  Microsoft.EntityFrameworkCore.Database.Command - Executed DbCommand (11ms) [Parameters=[], CommandType='Text', CommandTimeout='30']
SELECT n."Id", n."CreatedAt", n."DeletedAt", n."IsDeleted", n."IsRead", n."Message", n."ReadAt", n."RecipientId", n."ReviewedById"
FROM "Notifications" AS n
WHERE NOT (n."IsDeleted")
2025-07-29 17:03:47,610 [.NET TP Worker] INFO  LeaveManagementSystem.Middlewares.ExceptionHandlingMiddleware - [Incoming Request] Timestamp: 2025-07-29T11:33:47.6101230Z, Method: GET, Path: /api/v1/notifications/unread/0d1f064b-6d80-4978-a3db-f097e55ab15b, User: Anonymous
2025-07-29 17:03:47,652 [.NET TP Worker] INFO  Microsoft.EntityFrameworkCore.Database.Command - Executed DbCommand (2ms) [Parameters=[], CommandType='Text', CommandTimeout='30']
SELECT n."Id", n."CreatedAt", n."DeletedAt", n."IsDeleted", n."IsRead", n."Message", n."ReadAt", n."RecipientId", n."ReviewedById"
FROM "Notifications" AS n
WHERE NOT (n."IsDeleted")
2025-07-29 17:03:59,552 [.NET TP Worker] INFO  LeaveManagementSystem.Middlewares.ExceptionHandlingMiddleware - [Incoming Request] Timestamp: 2025-07-29T11:33:59.5523080Z, Method: POST, Path: /api/v1/auth/login, User: Anonymous
2025-07-29 17:03:59,706 [.NET TP Worker] INFO  Microsoft.EntityFrameworkCore.Database.Command - Executed DbCommand (1ms) [Parameters=[], CommandType='Text', CommandTimeout='30']
SELECT u."Id", u."CreatedAt", u."CreatedBy", u."DeletedAt", u."Email", u."Gender", u."IsActive", u."IsDeleted", u."LastLoginAt", u."PasswordHash", u."Role", u."Username"
FROM "Users" AS u
WHERE NOT (u."IsDeleted")
2025-07-29 17:04:00,286 [.NET TP Worker] INFO  Microsoft.EntityFrameworkCore.Database.Command - Executed DbCommand (25ms) [Parameters=[@p0='?' (DbType = Guid), @p1='?' (DbType = DateTime), @p2='?' (DbType = Boolean), @p3='?', @p4='?' (DbType = Guid)], CommandType='Text', CommandTimeout='30']
INSERT INTO "RefreshTokens" ("Id", "ExpiresAt", "IsRevoked", "Token", "UserId")
VALUES (@p0, @p1, @p2, @p3, @p4);
2025-07-29 17:04:00,296 [.NET TP Worker] INFO  LeaveManagementSystem.Services.AuthenticationService - User roovis2003@gmail.com logged in successfully
2025-07-29 17:04:00,303 [.NET TP Worker] INFO  LeaveManagementSystem.Controllers.AuthenticationController - User roovis2003@gmail.com logged in successfully.
2025-07-29 17:04:00,349 [.NET TP Worker] INFO  LeaveManagementSystem.Middlewares.ExceptionHandlingMiddleware - [Incoming Request] Timestamp: 2025-07-29T11:34:00.3496030Z, Method: GET, Path: /api/v1/leavetypes, User: Roopan
2025-07-29 17:04:00,349 [.NET TP Worker] INFO  LeaveManagementSystem.Middlewares.ExceptionHandlingMiddleware - [Incoming Request] Timestamp: 2025-07-29T11:34:00.3496090Z, Method: GET, Path: /api/v1/Users, User: Roopan
2025-07-29 17:04:00,357 [.NET TP Worker] INFO  LeaveManagementSystem.Middlewares.ExceptionHandlingMiddleware - [Incoming Request] Timestamp: 2025-07-29T11:34:00.3576130Z, Method: GET, Path: /api/v1/leave-requests, User: Roopan
2025-07-29 17:04:00,357 [.NET TP Worker] INFO  LeaveManagementSystem.Controllers.LeaveTypeController - Fetching all leave types with pagination.
2025-07-29 17:04:00,363 [.NET TP Worker] INFO  LeaveManagementSystem.Controllers.UsersController - Fetching all users with pagination parameters.
2025-07-29 17:04:00,367 [.NET TP Worker] INFO  Microsoft.EntityFrameworkCore.Database.Command - Executed DbCommand (1ms) [Parameters=[], CommandType='Text', CommandTimeout='30']
SELECT u."Id", u."CreatedAt", u."CreatedBy", u."DeletedAt", u."Email", u."Gender", u."IsActive", u."IsDeleted", u."LastLoginAt", u."PasswordHash", u."Role", u."Username"
FROM "Users" AS u
WHERE NOT (u."IsDeleted")
2025-07-29 17:04:00,369 [.NET TP Worker] INFO  LeaveManagementSystem.Controllers.LeaveRequestController - Fetching all leave requests with pagination, search, filter, sort parameters.
2025-07-29 17:04:00,382 [.NET TP Worker] INFO  Microsoft.EntityFrameworkCore.Database.Command - Executed DbCommand (4ms) [Parameters=[], CommandType='Text', CommandTimeout='30']
SELECT l."Id", l."CreatedAt", l."DeletedAt", l."EndDate", l."IsDeleted", l."LeaveTypeId", l."Reason", l."ReviewedById", l."StartDate", l."Status", l."UpdatedAt", l."UserId", t."Id", t."CreatedAt", t."CreatedBy", t."DeletedAt", t."Email", t."Gender", t."IsActive", t."IsDeleted", t."LastLoginAt", t."PasswordHash", t."Role", t."Username", t0."Id", t0."CreatedAt", t0."CreatedBy", t0."DeletedAt", t0."Description", t0."IsDeleted", t0."Name", t0."StandardLeaveCount", t0."UpdatedAt", t0."UpdatedBy", t1."Id", t1."CreatedAt", t1."CreatedBy", t1."DeletedAt", t1."Email", t1."Gender", t1."IsActive", t1."IsDeleted", t1."LastLoginAt", t1."PasswordHash", t1."Role", t1."Username", t2."Id", t2."DeletedAt", t2."FileContent", t2."FileName", t2."IsDeleted", t2."LeaveRequestId", t2."UploadedAt"
FROM "LeaveRequests" AS l
INNER JOIN (
    SELECT u."Id", u."CreatedAt", u."CreatedBy", u."DeletedAt", u."Email", u."Gender", u."IsActive", u."IsDeleted", u."LastLoginAt", u."PasswordHash", u."Role", u."Username"
    FROM "Users" AS u
    WHERE NOT (u."IsDeleted")
) AS t ON l."UserId" = t."Id"
INNER JOIN (
    SELECT l0."Id", l0."CreatedAt", l0."CreatedBy", l0."DeletedAt", l0."Description", l0."IsDeleted", l0."Name", l0."StandardLeaveCount", l0."UpdatedAt", l0."UpdatedBy"
    FROM "LeaveTypes" AS l0
    WHERE NOT (l0."IsDeleted")
) AS t0 ON l."LeaveTypeId" = t0."Id"
LEFT JOIN (
    SELECT u0."Id", u0."CreatedAt", u0."CreatedBy", u0."DeletedAt", u0."Email", u0."Gender", u0."IsActive", u0."IsDeleted", u0."LastLoginAt", u0."PasswordHash", u0."Role", u0."Username"
    FROM "Users" AS u0
    WHERE NOT (u0."IsDeleted")
) AS t1 ON l."ReviewedById" = t1."Id"
LEFT JOIN (
    SELECT l1."Id", l1."DeletedAt", l1."FileContent", l1."FileName", l1."IsDeleted", l1."LeaveRequestId", l1."UploadedAt"
    FROM "LeaveAttachments" AS l1
    WHERE NOT (l1."IsDeleted")
) AS t2 ON l."Id" = t2."LeaveRequestId"
WHERE NOT (l."IsDeleted")
ORDER BY l."Id", t."Id", t0."Id", t1."Id"
2025-07-29 17:04:00,454 [.NET TP Worker] INFO  Microsoft.EntityFrameworkCore.Database.Command - Executed DbCommand (14ms) [Parameters=[], CommandType='Text', CommandTimeout='30']
SELECT l."Id", l."CreatedAt", l."CreatedBy", l."DeletedAt", l."Description", l."IsDeleted", l."Name", l."StandardLeaveCount", l."UpdatedAt", l."UpdatedBy"
FROM "LeaveTypes" AS l
WHERE NOT (l."IsDeleted")
2025-07-29 17:04:00,478 [.NET TP Worker] INFO  LeaveManagementSystem.Middlewares.ExceptionHandlingMiddleware - [Incoming Request] Timestamp: 2025-07-29T11:34:00.4783170Z, Method: GET, Path: /api/v1/leavetypes, User: Roopan
2025-07-29 17:04:00,479 [.NET TP Worker] INFO  LeaveManagementSystem.Controllers.LeaveTypeController - Fetching all leave types with pagination.
2025-07-29 17:04:00,503 [.NET TP Worker] INFO  Microsoft.EntityFrameworkCore.Database.Command - Executed DbCommand (23ms) [Parameters=[], CommandType='Text', CommandTimeout='30']
SELECT l."Id", l."CreatedAt", l."CreatedBy", l."DeletedAt", l."Description", l."IsDeleted", l."Name", l."StandardLeaveCount", l."UpdatedAt", l."UpdatedBy"
FROM "LeaveTypes" AS l
WHERE NOT (l."IsDeleted")
2025-07-29 17:04:00,515 [.NET TP Worker] INFO  LeaveManagementSystem.Middlewares.ExceptionHandlingMiddleware - [Incoming Request] Timestamp: 2025-07-29T11:34:00.5153000Z, Method: GET, Path: /api/v1/leave-requests, User: Roopan
2025-07-29 17:04:00,517 [.NET TP Worker] INFO  LeaveManagementSystem.Controllers.LeaveRequestController - Fetching all leave requests with pagination, search, filter, sort parameters.
2025-07-29 17:04:00,528 [.NET TP Worker] INFO  Microsoft.EntityFrameworkCore.Database.Command - Executed DbCommand (9ms) [Parameters=[], CommandType='Text', CommandTimeout='30']
SELECT l."Id", l."CreatedAt", l."DeletedAt", l."EndDate", l."IsDeleted", l."LeaveTypeId", l."Reason", l."ReviewedById", l."StartDate", l."Status", l."UpdatedAt", l."UserId", t."Id", t."CreatedAt", t."CreatedBy", t."DeletedAt", t."Email", t."Gender", t."IsActive", t."IsDeleted", t."LastLoginAt", t."PasswordHash", t."Role", t."Username", t0."Id", t0."CreatedAt", t0."CreatedBy", t0."DeletedAt", t0."Description", t0."IsDeleted", t0."Name", t0."StandardLeaveCount", t0."UpdatedAt", t0."UpdatedBy", t1."Id", t1."CreatedAt", t1."CreatedBy", t1."DeletedAt", t1."Email", t1."Gender", t1."IsActive", t1."IsDeleted", t1."LastLoginAt", t1."PasswordHash", t1."Role", t1."Username", t2."Id", t2."DeletedAt", t2."FileContent", t2."FileName", t2."IsDeleted", t2."LeaveRequestId", t2."UploadedAt"
FROM "LeaveRequests" AS l
INNER JOIN (
    SELECT u."Id", u."CreatedAt", u."CreatedBy", u."DeletedAt", u."Email", u."Gender", u."IsActive", u."IsDeleted", u."LastLoginAt", u."PasswordHash", u."Role", u."Username"
    FROM "Users" AS u
    WHERE NOT (u."IsDeleted")
) AS t ON l."UserId" = t."Id"
INNER JOIN (
    SELECT l0."Id", l0."CreatedAt", l0."CreatedBy", l0."DeletedAt", l0."Description", l0."IsDeleted", l0."Name", l0."StandardLeaveCount", l0."UpdatedAt", l0."UpdatedBy"
    FROM "LeaveTypes" AS l0
    WHERE NOT (l0."IsDeleted")
) AS t0 ON l."LeaveTypeId" = t0."Id"
LEFT JOIN (
    SELECT u0."Id", u0."CreatedAt", u0."CreatedBy", u0."DeletedAt", u0."Email", u0."Gender", u0."IsActive", u0."IsDeleted", u0."LastLoginAt", u0."PasswordHash", u0."Role", u0."Username"
    FROM "Users" AS u0
    WHERE NOT (u0."IsDeleted")
) AS t1 ON l."ReviewedById" = t1."Id"
LEFT JOIN (
    SELECT l1."Id", l1."DeletedAt", l1."FileContent", l1."FileName", l1."IsDeleted", l1."LeaveRequestId", l1."UploadedAt"
    FROM "LeaveAttachments" AS l1
    WHERE NOT (l1."IsDeleted")
) AS t2 ON l."Id" = t2."LeaveRequestId"
WHERE NOT (l."IsDeleted")
ORDER BY l."Id", t."Id", t0."Id", t1."Id"
2025-07-29 17:04:07,064 [.NET TP Worker] INFO  LeaveManagementSystem.Middlewares.ExceptionHandlingMiddleware - [Incoming Request] Timestamp: 2025-07-29T11:34:07.0648140Z, Method: GET, Path: /api/v1/leave-requests, User: Roopan
2025-07-29 17:04:07,085 [.NET TP Worker] INFO  LeaveManagementSystem.Controllers.LeaveRequestController - Fetching all leave requests with pagination, search, filter, sort parameters.
2025-07-29 17:04:07,089 [.NET TP Worker] INFO  Microsoft.EntityFrameworkCore.Database.Command - Executed DbCommand (3ms) [Parameters=[], CommandType='Text', CommandTimeout='30']
SELECT l."Id", l."CreatedAt", l."DeletedAt", l."EndDate", l."IsDeleted", l."LeaveTypeId", l."Reason", l."ReviewedById", l."StartDate", l."Status", l."UpdatedAt", l."UserId", t."Id", t."CreatedAt", t."CreatedBy", t."DeletedAt", t."Email", t."Gender", t."IsActive", t."IsDeleted", t."LastLoginAt", t."PasswordHash", t."Role", t."Username", t0."Id", t0."CreatedAt", t0."CreatedBy", t0."DeletedAt", t0."Description", t0."IsDeleted", t0."Name", t0."StandardLeaveCount", t0."UpdatedAt", t0."UpdatedBy", t1."Id", t1."CreatedAt", t1."CreatedBy", t1."DeletedAt", t1."Email", t1."Gender", t1."IsActive", t1."IsDeleted", t1."LastLoginAt", t1."PasswordHash", t1."Role", t1."Username", t2."Id", t2."DeletedAt", t2."FileContent", t2."FileName", t2."IsDeleted", t2."LeaveRequestId", t2."UploadedAt"
FROM "LeaveRequests" AS l
INNER JOIN (
    SELECT u."Id", u."CreatedAt", u."CreatedBy", u."DeletedAt", u."Email", u."Gender", u."IsActive", u."IsDeleted", u."LastLoginAt", u."PasswordHash", u."Role", u."Username"
    FROM "Users" AS u
    WHERE NOT (u."IsDeleted")
) AS t ON l."UserId" = t."Id"
INNER JOIN (
    SELECT l0."Id", l0."CreatedAt", l0."CreatedBy", l0."DeletedAt", l0."Description", l0."IsDeleted", l0."Name", l0."StandardLeaveCount", l0."UpdatedAt", l0."UpdatedBy"
    FROM "LeaveTypes" AS l0
    WHERE NOT (l0."IsDeleted")
) AS t0 ON l."LeaveTypeId" = t0."Id"
LEFT JOIN (
    SELECT u0."Id", u0."CreatedAt", u0."CreatedBy", u0."DeletedAt", u0."Email", u0."Gender", u0."IsActive", u0."IsDeleted", u0."LastLoginAt", u0."PasswordHash", u0."Role", u0."Username"
    FROM "Users" AS u0
    WHERE NOT (u0."IsDeleted")
) AS t1 ON l."ReviewedById" = t1."Id"
LEFT JOIN (
    SELECT l1."Id", l1."DeletedAt", l1."FileContent", l1."FileName", l1."IsDeleted", l1."LeaveRequestId", l1."UploadedAt"
    FROM "LeaveAttachments" AS l1
    WHERE NOT (l1."IsDeleted")
) AS t2 ON l."Id" = t2."LeaveRequestId"
WHERE NOT (l."IsDeleted")
ORDER BY l."Id", t."Id", t0."Id", t1."Id"
2025-07-29 17:04:45,816 [.NET TP Worker] INFO  LeaveManagementSystem.Middlewares.ExceptionHandlingMiddleware - [Incoming Request] Timestamp: 2025-07-29T11:34:45.8160170Z, Method: POST, Path: /api/v1/auth/login, User: Anonymous
2025-07-29 17:04:45,822 [.NET TP Worker] INFO  Microsoft.EntityFrameworkCore.Database.Command - Executed DbCommand (1ms) [Parameters=[], CommandType='Text', CommandTimeout='30']
SELECT u."Id", u."CreatedAt", u."CreatedBy", u."DeletedAt", u."Email", u."Gender", u."IsActive", u."IsDeleted", u."LastLoginAt", u."PasswordHash", u."Role", u."Username"
FROM "Users" AS u
WHERE NOT (u."IsDeleted")
2025-07-29 17:04:45,822 [.NET TP Worker] WARN  LeaveManagementSystem.Services.AuthenticationService - Failed login attempt for employee@gmail.com
2025-07-29 17:04:45,844 [.NET TP Worker] WARN  LeaveManagementSystem.Controllers.AuthenticationController - Unauthorized login attempt for employee@gmail.com.
System.UnauthorizedAccessException: Invalid credentials
   at LeaveManagementSystem.Services.AuthenticationService.LoginAsync(UserLoginRequest request) in /Users/roopanvishnu/Documents/GensparkTraining/Training/15-07/LeaveManagementSystem-Final/LeaveManagementSystem-With-Notification/LeaveManagementSystem/Services/AuthenticationService.cs:line 41
   at LeaveManagementSystem.Controllers.AuthenticationController.Login(UserLoginRequest request) in /Users/roopanvishnu/Documents/GensparkTraining/Training/15-07/LeaveManagementSystem-Final/LeaveManagementSystem-With-Notification/LeaveManagementSystem/Controllers/AuthenticationController.cs:line 36
2025-07-29 17:06:05,346 [.NET TP Worker] INFO  LeaveManagementSystem.Middlewares.ExceptionHandlingMiddleware - [Incoming Request] Timestamp: 2025-07-29T11:36:05.3461610Z, Method: POST, Path: /api/v1/auth/login, User: Anonymous
2025-07-29 17:06:05,351 [.NET TP Worker] INFO  Microsoft.EntityFrameworkCore.Database.Command - Executed DbCommand (1ms) [Parameters=[], CommandType='Text', CommandTimeout='30']
SELECT u."Id", u."CreatedAt", u."CreatedBy", u."DeletedAt", u."Email", u."Gender", u."IsActive", u."IsDeleted", u."LastLoginAt", u."PasswordHash", u."Role", u."Username"
FROM "Users" AS u
WHERE NOT (u."IsDeleted")
2025-07-29 17:06:05,531 [.NET TP Worker] INFO  Microsoft.EntityFrameworkCore.Database.Command - Executed DbCommand (3ms) [Parameters=[@p0='?' (DbType = Guid), @p1='?' (DbType = DateTime), @p2='?' (DbType = Boolean), @p3='?', @p4='?' (DbType = Guid)], CommandType='Text', CommandTimeout='30']
INSERT INTO "RefreshTokens" ("Id", "ExpiresAt", "IsRevoked", "Token", "UserId")
VALUES (@p0, @p1, @p2, @p3, @p4);
2025-07-29 17:06:05,531 [.NET TP Worker] INFO  LeaveManagementSystem.Services.AuthenticationService - User empone@gmail.com logged in successfully
2025-07-29 17:06:05,531 [.NET TP Worker] INFO  LeaveManagementSystem.Controllers.AuthenticationController - User empone@gmail.com logged in successfully.
2025-07-29 17:06:05,557 [.NET TP Worker] INFO  LeaveManagementSystem.Middlewares.ExceptionHandlingMiddleware - [Incoming Request] Timestamp: 2025-07-29T11:36:05.5571930Z, Method: GET, Path: /api/v1/leavetypes, User: Vishnu
2025-07-29 17:06:05,557 [.NET TP Worker] INFO  LeaveManagementSystem.Middlewares.ExceptionHandlingMiddleware - [Incoming Request] Timestamp: 2025-07-29T11:36:05.5570190Z, Method: GET, Path: /api/v1/leave-requests, User: Vishnu
2025-07-29 17:06:05,558 [.NET TP Worker] INFO  LeaveManagementSystem.Controllers.LeaveRequestController - Fetching all leave requests with pagination, search, filter, sort parameters.
2025-07-29 17:06:05,558 [.NET TP Worker] INFO  LeaveManagementSystem.Controllers.LeaveTypeController - Fetching all leave types with pagination.
2025-07-29 17:06:05,562 [.NET TP Worker] INFO  Microsoft.EntityFrameworkCore.Database.Command - Executed DbCommand (1ms) [Parameters=[], CommandType='Text', CommandTimeout='30']
SELECT l."Id", l."CreatedAt", l."CreatedBy", l."DeletedAt", l."Description", l."IsDeleted", l."Name", l."StandardLeaveCount", l."UpdatedAt", l."UpdatedBy"
FROM "LeaveTypes" AS l
WHERE NOT (l."IsDeleted")
2025-07-29 17:06:05,576 [.NET TP Worker] INFO  Microsoft.EntityFrameworkCore.Database.Command - Executed DbCommand (15ms) [Parameters=[], CommandType='Text', CommandTimeout='30']
SELECT l."Id", l."CreatedAt", l."DeletedAt", l."EndDate", l."IsDeleted", l."LeaveTypeId", l."Reason", l."ReviewedById", l."StartDate", l."Status", l."UpdatedAt", l."UserId", t."Id", t."CreatedAt", t."CreatedBy", t."DeletedAt", t."Email", t."Gender", t."IsActive", t."IsDeleted", t."LastLoginAt", t."PasswordHash", t."Role", t."Username", t0."Id", t0."CreatedAt", t0."CreatedBy", t0."DeletedAt", t0."Description", t0."IsDeleted", t0."Name", t0."StandardLeaveCount", t0."UpdatedAt", t0."UpdatedBy", t1."Id", t1."CreatedAt", t1."CreatedBy", t1."DeletedAt", t1."Email", t1."Gender", t1."IsActive", t1."IsDeleted", t1."LastLoginAt", t1."PasswordHash", t1."Role", t1."Username", t2."Id", t2."DeletedAt", t2."FileContent", t2."FileName", t2."IsDeleted", t2."LeaveRequestId", t2."UploadedAt"
FROM "LeaveRequests" AS l
INNER JOIN (
    SELECT u."Id", u."CreatedAt", u."CreatedBy", u."DeletedAt", u."Email", u."Gender", u."IsActive", u."IsDeleted", u."LastLoginAt", u."PasswordHash", u."Role", u."Username"
    FROM "Users" AS u
    WHERE NOT (u."IsDeleted")
) AS t ON l."UserId" = t."Id"
INNER JOIN (
    SELECT l0."Id", l0."CreatedAt", l0."CreatedBy", l0."DeletedAt", l0."Description", l0."IsDeleted", l0."Name", l0."StandardLeaveCount", l0."UpdatedAt", l0."UpdatedBy"
    FROM "LeaveTypes" AS l0
    WHERE NOT (l0."IsDeleted")
) AS t0 ON l."LeaveTypeId" = t0."Id"
LEFT JOIN (
    SELECT u0."Id", u0."CreatedAt", u0."CreatedBy", u0."DeletedAt", u0."Email", u0."Gender", u0."IsActive", u0."IsDeleted", u0."LastLoginAt", u0."PasswordHash", u0."Role", u0."Username"
    FROM "Users" AS u0
    WHERE NOT (u0."IsDeleted")
) AS t1 ON l."ReviewedById" = t1."Id"
LEFT JOIN (
    SELECT l1."Id", l1."DeletedAt", l1."FileContent", l1."FileName", l1."IsDeleted", l1."LeaveRequestId", l1."UploadedAt"
    FROM "LeaveAttachments" AS l1
    WHERE NOT (l1."IsDeleted")
) AS t2 ON l."Id" = t2."LeaveRequestId"
WHERE NOT (l."IsDeleted")
ORDER BY l."Id", t."Id", t0."Id", t1."Id"
2025-07-29 17:06:05,619 [.NET TP Worker] INFO  LeaveManagementSystem.Middlewares.ExceptionHandlingMiddleware - [Incoming Request] Timestamp: 2025-07-29T11:36:05.6194300Z, Method: GET, Path: /api/v1/leave-requests, User: Vishnu
2025-07-29 17:06:05,620 [.NET TP Worker] INFO  LeaveManagementSystem.Controllers.LeaveRequestController - Fetching all leave requests with pagination, search, filter, sort parameters.
2025-07-29 17:06:05,625 [.NET TP Worker] INFO  Microsoft.EntityFrameworkCore.Database.Command - Executed DbCommand (3ms) [Parameters=[], CommandType='Text', CommandTimeout='30']
SELECT l."Id", l."CreatedAt", l."DeletedAt", l."EndDate", l."IsDeleted", l."LeaveTypeId", l."Reason", l."ReviewedById", l."StartDate", l."Status", l."UpdatedAt", l."UserId", t."Id", t."CreatedAt", t."CreatedBy", t."DeletedAt", t."Email", t."Gender", t."IsActive", t."IsDeleted", t."LastLoginAt", t."PasswordHash", t."Role", t."Username", t0."Id", t0."CreatedAt", t0."CreatedBy", t0."DeletedAt", t0."Description", t0."IsDeleted", t0."Name", t0."StandardLeaveCount", t0."UpdatedAt", t0."UpdatedBy", t1."Id", t1."CreatedAt", t1."CreatedBy", t1."DeletedAt", t1."Email", t1."Gender", t1."IsActive", t1."IsDeleted", t1."LastLoginAt", t1."PasswordHash", t1."Role", t1."Username", t2."Id", t2."DeletedAt", t2."FileContent", t2."FileName", t2."IsDeleted", t2."LeaveRequestId", t2."UploadedAt"
FROM "LeaveRequests" AS l
INNER JOIN (
    SELECT u."Id", u."CreatedAt", u."CreatedBy", u."DeletedAt", u."Email", u."Gender", u."IsActive", u."IsDeleted", u."LastLoginAt", u."PasswordHash", u."Role", u."Username"
    FROM "Users" AS u
    WHERE NOT (u."IsDeleted")
) AS t ON l."UserId" = t."Id"
INNER JOIN (
    SELECT l0."Id", l0."CreatedAt", l0."CreatedBy", l0."DeletedAt", l0."Description", l0."IsDeleted", l0."Name", l0."StandardLeaveCount", l0."UpdatedAt", l0."UpdatedBy"
    FROM "LeaveTypes" AS l0
    WHERE NOT (l0."IsDeleted")
) AS t0 ON l."LeaveTypeId" = t0."Id"
LEFT JOIN (
    SELECT u0."Id", u0."CreatedAt", u0."CreatedBy", u0."DeletedAt", u0."Email", u0."Gender", u0."IsActive", u0."IsDeleted", u0."LastLoginAt", u0."PasswordHash", u0."Role", u0."Username"
    FROM "Users" AS u0
    WHERE NOT (u0."IsDeleted")
) AS t1 ON l."ReviewedById" = t1."Id"
LEFT JOIN (
    SELECT l1."Id", l1."DeletedAt", l1."FileContent", l1."FileName", l1."IsDeleted", l1."LeaveRequestId", l1."UploadedAt"
    FROM "LeaveAttachments" AS l1
    WHERE NOT (l1."IsDeleted")
) AS t2 ON l."Id" = t2."LeaveRequestId"
WHERE NOT (l."IsDeleted")
ORDER BY l."Id", t."Id", t0."Id", t1."Id"
2025-07-29 17:06:09,819 [.NET TP Worker] INFO  LeaveManagementSystem.Middlewares.ExceptionHandlingMiddleware - [Incoming Request] Timestamp: 2025-07-29T11:36:09.8194500Z, Method: GET, Path: /api/v1/leavetypes, User: Vishnu
2025-07-29 17:06:09,820 [.NET TP Worker] INFO  LeaveManagementSystem.Controllers.LeaveTypeController - Fetching all leave types with pagination.
2025-07-29 17:06:09,821 [.NET TP Worker] INFO  Microsoft.EntityFrameworkCore.Database.Command - Executed DbCommand (1ms) [Parameters=[], CommandType='Text', CommandTimeout='30']
SELECT l."Id", l."CreatedAt", l."CreatedBy", l."DeletedAt", l."Description", l."IsDeleted", l."Name", l."StandardLeaveCount", l."UpdatedAt", l."UpdatedBy"
FROM "LeaveTypes" AS l
WHERE NOT (l."IsDeleted")
2025-07-29 17:06:32,113 [.NET TP Worker] INFO  LeaveManagementSystem.Middlewares.ExceptionHandlingMiddleware - [Incoming Request] Timestamp: 2025-07-29T11:36:32.1139270Z, Method: POST, Path: /api/v1/leave-requests, User: Vishnu
2025-07-29 17:06:32,127 [.NET TP Worker] INFO  LeaveManagementSystem.Controllers.LeaveRequestController - Creating new leave request.
2025-07-29 17:06:32,172 [.NET TP Worker] WARN  Microsoft.EntityFrameworkCore.Query - Compiling a query which loads related collections for more than one collection navigation, either via 'Include' or through projection, but no 'QuerySplittingBehavior' has been configured. By default, Entity Framework will use 'QuerySplittingBehavior.SingleQuery', which can potentially result in slow query performance. See https://go.microsoft.com/fwlink/?linkid=2134277 for more information. To identify the query that's triggering this warning call 'ConfigureWarnings(w => w.Throw(RelationalEventId.MultipleCollectionIncludeWarning))'.
2025-07-29 17:06:32,192 [.NET TP Worker] INFO  Microsoft.EntityFrameworkCore.Database.Command - Executed DbCommand (7ms) [Parameters=[@__key_0='?' (DbType = Guid)], CommandType='Text', CommandTimeout='30']
SELECT t."Id", t."CreatedAt", t."CreatedBy", t."DeletedAt", t."Email", t."Gender", t."IsActive", t."IsDeleted", t."LastLoginAt", t."PasswordHash", t."Role", t."Username", t0."Id", t0."LeaveTypeId", t0."TotalLeaves", t0."UsedLeaves", t0."UserId", t0."Id0", t0."CreatedAt", t0."CreatedBy", t0."DeletedAt", t0."Description", t0."IsDeleted", t0."Name", t0."StandardLeaveCount", t0."UpdatedAt", t0."UpdatedBy", t2."Id", t2."CreatedAt", t2."DeletedAt", t2."EndDate", t2."IsDeleted", t2."LeaveTypeId", t2."Reason", t2."ReviewedById", t2."StartDate", t2."Status", t2."UpdatedAt", t2."UserId", t2."Id0", t2."CreatedAt0", t2."CreatedBy", t2."DeletedAt0", t2."Description", t2."IsDeleted0", t2."Name", t2."StandardLeaveCount", t2."UpdatedAt0", t2."UpdatedBy", t2."Id1", t2."CreatedAt1", t2."CreatedBy0", t2."DeletedAt1", t2."Email", t2."Gender", t2."IsActive", t2."IsDeleted1", t2."LastLoginAt", t2."PasswordHash", t2."Role", t2."Username"
FROM (
    SELECT u."Id", u."CreatedAt", u."CreatedBy", u."DeletedAt", u."Email", u."Gender", u."IsActive", u."IsDeleted", u."LastLoginAt", u."PasswordHash", u."Role", u."Username"
    FROM "Users" AS u
    WHERE NOT (u."IsDeleted") AND u."Id" = @__key_0 AND NOT (u."IsDeleted")
    LIMIT 1
) AS t
LEFT JOIN (
    SELECT l."Id", l."LeaveTypeId", l."TotalLeaves", l."UsedLeaves", l."UserId", t1."Id" AS "Id0", t1."CreatedAt", t1."CreatedBy", t1."DeletedAt", t1."Description", t1."IsDeleted", t1."Name", t1."StandardLeaveCount", t1."UpdatedAt", t1."UpdatedBy"
    FROM "LeaveBalances" AS l
    INNER JOIN (
        SELECT l0."Id", l0."CreatedAt", l0."CreatedBy", l0."DeletedAt", l0."Description", l0."IsDeleted", l0."Name", l0."StandardLeaveCount", l0."UpdatedAt", l0."UpdatedBy"
        FROM "LeaveTypes" AS l0
        WHERE NOT (l0."IsDeleted")
    ) AS t1 ON l."LeaveTypeId" = t1."Id"
) AS t0 ON t."Id" = t0."UserId"
LEFT JOIN (
    SELECT l1."Id", l1."CreatedAt", l1."DeletedAt", l1."EndDate", l1."IsDeleted", l1."LeaveTypeId", l1."Reason", l1."ReviewedById", l1."StartDate", l1."Status", l1."UpdatedAt", l1."UserId", t3."Id" AS "Id0", t3."CreatedAt" AS "CreatedAt0", t3."CreatedBy", t3."DeletedAt" AS "DeletedAt0", t3."Description", t3."IsDeleted" AS "IsDeleted0", t3."Name", t3."StandardLeaveCount", t3."UpdatedAt" AS "UpdatedAt0", t3."UpdatedBy", t4."Id" AS "Id1", t4."CreatedAt" AS "CreatedAt1", t4."CreatedBy" AS "CreatedBy0", t4."DeletedAt" AS "DeletedAt1", t4."Email", t4."Gender", t4."IsActive", t4."IsDeleted" AS "IsDeleted1", t4."LastLoginAt", t4."PasswordHash", t4."Role", t4."Username"
    FROM "LeaveRequests" AS l1
    INNER JOIN (
        SELECT l2."Id", l2."CreatedAt", l2."CreatedBy", l2."DeletedAt", l2."Description", l2."IsDeleted", l2."Name", l2."StandardLeaveCount", l2."UpdatedAt", l2."UpdatedBy"
        FROM "LeaveTypes" AS l2
        WHERE NOT (l2."IsDeleted")
    ) AS t3 ON l1."LeaveTypeId" = t3."Id"
    LEFT JOIN (
        SELECT u0."Id", u0."CreatedAt", u0."CreatedBy", u0."DeletedAt", u0."Email", u0."Gender", u0."IsActive", u0."IsDeleted", u0."LastLoginAt", u0."PasswordHash", u0."Role", u0."Username"
        FROM "Users" AS u0
        WHERE NOT (u0."IsDeleted")
    ) AS t4 ON l1."ReviewedById" = t4."Id"
    WHERE NOT (l1."IsDeleted")
) AS t2 ON t."Id" = t2."UserId"
ORDER BY t."Id", t0."Id", t0."Id0", t2."Id", t2."Id0"
2025-07-29 17:06:32,212 [.NET TP Worker] INFO  Microsoft.EntityFrameworkCore.Database.Command - Executed DbCommand (1ms) [Parameters=[@__key_0='?' (DbType = Guid)], CommandType='Text', CommandTimeout='30']
SELECT l."Id", l."CreatedAt", l."CreatedBy", l."DeletedAt", l."Description", l."IsDeleted", l."Name", l."StandardLeaveCount", l."UpdatedAt", l."UpdatedBy"
FROM "LeaveTypes" AS l
WHERE NOT (l."IsDeleted") AND l."Id" = @__key_0
LIMIT 1
2025-07-29 17:06:32,215 [.NET TP Worker] INFO  Microsoft.EntityFrameworkCore.Database.Command - Executed DbCommand (1ms) [Parameters=[@__key_0='?' (DbType = Guid)], CommandType='Text', CommandTimeout='30']
SELECT l."Id", l."CreatedAt", l."CreatedBy", l."DeletedAt", l."Description", l."IsDeleted", l."Name", l."StandardLeaveCount", l."UpdatedAt", l."UpdatedBy"
FROM "LeaveTypes" AS l
WHERE NOT (l."IsDeleted") AND l."Id" = @__key_0
LIMIT 1
2025-07-29 17:06:32,219 [.NET TP Worker] INFO  Microsoft.EntityFrameworkCore.Database.Command - Executed DbCommand (2ms) [Parameters=[], CommandType='Text', CommandTimeout='30']
SELECT l."Id", l."CreatedAt", l."DeletedAt", l."EndDate", l."IsDeleted", l."LeaveTypeId", l."Reason", l."ReviewedById", l."StartDate", l."Status", l."UpdatedAt", l."UserId", t."Id", t."CreatedAt", t."CreatedBy", t."DeletedAt", t."Email", t."Gender", t."IsActive", t."IsDeleted", t."LastLoginAt", t."PasswordHash", t."Role", t."Username", t0."Id", t0."CreatedAt", t0."CreatedBy", t0."DeletedAt", t0."Description", t0."IsDeleted", t0."Name", t0."StandardLeaveCount", t0."UpdatedAt", t0."UpdatedBy", t1."Id", t1."CreatedAt", t1."CreatedBy", t1."DeletedAt", t1."Email", t1."Gender", t1."IsActive", t1."IsDeleted", t1."LastLoginAt", t1."PasswordHash", t1."Role", t1."Username", t2."Id", t2."DeletedAt", t2."FileContent", t2."FileName", t2."IsDeleted", t2."LeaveRequestId", t2."UploadedAt"
FROM "LeaveRequests" AS l
INNER JOIN (
    SELECT u."Id", u."CreatedAt", u."CreatedBy", u."DeletedAt", u."Email", u."Gender", u."IsActive", u."IsDeleted", u."LastLoginAt", u."PasswordHash", u."Role", u."Username"
    FROM "Users" AS u
    WHERE NOT (u."IsDeleted")
) AS t ON l."UserId" = t."Id"
INNER JOIN (
    SELECT l0."Id", l0."CreatedAt", l0."CreatedBy", l0."DeletedAt", l0."Description", l0."IsDeleted", l0."Name", l0."StandardLeaveCount", l0."UpdatedAt", l0."UpdatedBy"
    FROM "LeaveTypes" AS l0
    WHERE NOT (l0."IsDeleted")
) AS t0 ON l."LeaveTypeId" = t0."Id"
LEFT JOIN (
    SELECT u0."Id", u0."CreatedAt", u0."CreatedBy", u0."DeletedAt", u0."Email", u0."Gender", u0."IsActive", u0."IsDeleted", u0."LastLoginAt", u0."PasswordHash", u0."Role", u0."Username"
    FROM "Users" AS u0
    WHERE NOT (u0."IsDeleted")
) AS t1 ON l."ReviewedById" = t1."Id"
LEFT JOIN (
    SELECT l1."Id", l1."DeletedAt", l1."FileContent", l1."FileName", l1."IsDeleted", l1."LeaveRequestId", l1."UploadedAt"
    FROM "LeaveAttachments" AS l1
    WHERE NOT (l1."IsDeleted")
) AS t2 ON l."Id" = t2."LeaveRequestId"
WHERE NOT (l."IsDeleted")
ORDER BY l."Id", t."Id", t0."Id", t1."Id"
2025-07-29 17:06:32,222 [.NET TP Worker] ERROR LeaveManagementSystem.Controllers.LeaveRequestController - Error creating leave request.
System.Exception: You have already applied for leave in this date range.
 ---> System.InvalidOperationException: You have already applied for leave in this date range.
   at LeaveManagementSystem.Services.LeaveRequestService.ValidateOverlappingLeaveAsync(Guid userId, Guid leaveTypeId, DateTime startDate, DateTime endDate) in /Users/roopanvishnu/Documents/GensparkTraining/Training/15-07/LeaveManagementSystem-Final/LeaveManagementSystem-With-Notification/LeaveManagementSystem/Services/LeaveRequestService.cs:line 227
   at LeaveManagementSystem.Services.LeaveRequestService.CreateAsync(LeaveRequestDto dto) in /Users/roopanvishnu/Documents/GensparkTraining/Training/15-07/LeaveManagementSystem-Final/LeaveManagementSystem-With-Notification/LeaveManagementSystem/Services/LeaveRequestService.cs:line 160
   --- End of inner exception stack trace ---
   at LeaveManagementSystem.Services.LeaveRequestService.CreateAsync(LeaveRequestDto dto) in /Users/roopanvishnu/Documents/GensparkTraining/Training/15-07/LeaveManagementSystem-Final/LeaveManagementSystem-With-Notification/LeaveManagementSystem/Services/LeaveRequestService.cs:line 177
   at LeaveManagementSystem.Controllers.LeaveRequestController.Create(LeaveRequestDto dto) in /Users/roopanvishnu/Documents/GensparkTraining/Training/15-07/LeaveManagementSystem-Final/LeaveManagementSystem-With-Notification/LeaveManagementSystem/Controllers/LeaveRequestController.cs:line 111
2025-07-29 17:06:41,722 [.NET TP Worker] INFO  LeaveManagementSystem.Middlewares.ExceptionHandlingMiddleware - [Incoming Request] Timestamp: 2025-07-29T11:36:41.7220790Z, Method: POST, Path: /api/v1/leave-requests, User: Vishnu
2025-07-29 17:06:41,722 [.NET TP Worker] INFO  LeaveManagementSystem.Controllers.LeaveRequestController - Creating new leave request.
2025-07-29 17:06:41,735 [.NET TP Worker] INFO  Microsoft.EntityFrameworkCore.Database.Command - Executed DbCommand (12ms) [Parameters=[@__key_0='?' (DbType = Guid)], CommandType='Text', CommandTimeout='30']
SELECT t."Id", t."CreatedAt", t."CreatedBy", t."DeletedAt", t."Email", t."Gender", t."IsActive", t."IsDeleted", t."LastLoginAt", t."PasswordHash", t."Role", t."Username", t0."Id", t0."LeaveTypeId", t0."TotalLeaves", t0."UsedLeaves", t0."UserId", t0."Id0", t0."CreatedAt", t0."CreatedBy", t0."DeletedAt", t0."Description", t0."IsDeleted", t0."Name", t0."StandardLeaveCount", t0."UpdatedAt", t0."UpdatedBy", t2."Id", t2."CreatedAt", t2."DeletedAt", t2."EndDate", t2."IsDeleted", t2."LeaveTypeId", t2."Reason", t2."ReviewedById", t2."StartDate", t2."Status", t2."UpdatedAt", t2."UserId", t2."Id0", t2."CreatedAt0", t2."CreatedBy", t2."DeletedAt0", t2."Description", t2."IsDeleted0", t2."Name", t2."StandardLeaveCount", t2."UpdatedAt0", t2."UpdatedBy", t2."Id1", t2."CreatedAt1", t2."CreatedBy0", t2."DeletedAt1", t2."Email", t2."Gender", t2."IsActive", t2."IsDeleted1", t2."LastLoginAt", t2."PasswordHash", t2."Role", t2."Username"
FROM (
    SELECT u."Id", u."CreatedAt", u."CreatedBy", u."DeletedAt", u."Email", u."Gender", u."IsActive", u."IsDeleted", u."LastLoginAt", u."PasswordHash", u."Role", u."Username"
    FROM "Users" AS u
    WHERE NOT (u."IsDeleted") AND u."Id" = @__key_0 AND NOT (u."IsDeleted")
    LIMIT 1
) AS t
LEFT JOIN (
    SELECT l."Id", l."LeaveTypeId", l."TotalLeaves", l."UsedLeaves", l."UserId", t1."Id" AS "Id0", t1."CreatedAt", t1."CreatedBy", t1."DeletedAt", t1."Description", t1."IsDeleted", t1."Name", t1."StandardLeaveCount", t1."UpdatedAt", t1."UpdatedBy"
    FROM "LeaveBalances" AS l
    INNER JOIN (
        SELECT l0."Id", l0."CreatedAt", l0."CreatedBy", l0."DeletedAt", l0."Description", l0."IsDeleted", l0."Name", l0."StandardLeaveCount", l0."UpdatedAt", l0."UpdatedBy"
        FROM "LeaveTypes" AS l0
        WHERE NOT (l0."IsDeleted")
    ) AS t1 ON l."LeaveTypeId" = t1."Id"
) AS t0 ON t."Id" = t0."UserId"
LEFT JOIN (
    SELECT l1."Id", l1."CreatedAt", l1."DeletedAt", l1."EndDate", l1."IsDeleted", l1."LeaveTypeId", l1."Reason", l1."ReviewedById", l1."StartDate", l1."Status", l1."UpdatedAt", l1."UserId", t3."Id" AS "Id0", t3."CreatedAt" AS "CreatedAt0", t3."CreatedBy", t3."DeletedAt" AS "DeletedAt0", t3."Description", t3."IsDeleted" AS "IsDeleted0", t3."Name", t3."StandardLeaveCount", t3."UpdatedAt" AS "UpdatedAt0", t3."UpdatedBy", t4."Id" AS "Id1", t4."CreatedAt" AS "CreatedAt1", t4."CreatedBy" AS "CreatedBy0", t4."DeletedAt" AS "DeletedAt1", t4."Email", t4."Gender", t4."IsActive", t4."IsDeleted" AS "IsDeleted1", t4."LastLoginAt", t4."PasswordHash", t4."Role", t4."Username"
    FROM "LeaveRequests" AS l1
    INNER JOIN (
        SELECT l2."Id", l2."CreatedAt", l2."CreatedBy", l2."DeletedAt", l2."Description", l2."IsDeleted", l2."Name", l2."StandardLeaveCount", l2."UpdatedAt", l2."UpdatedBy"
        FROM "LeaveTypes" AS l2
        WHERE NOT (l2."IsDeleted")
    ) AS t3 ON l1."LeaveTypeId" = t3."Id"
    LEFT JOIN (
        SELECT u0."Id", u0."CreatedAt", u0."CreatedBy", u0."DeletedAt", u0."Email", u0."Gender", u0."IsActive", u0."IsDeleted", u0."LastLoginAt", u0."PasswordHash", u0."Role", u0."Username"
        FROM "Users" AS u0
        WHERE NOT (u0."IsDeleted")
    ) AS t4 ON l1."ReviewedById" = t4."Id"
    WHERE NOT (l1."IsDeleted")
) AS t2 ON t."Id" = t2."UserId"
ORDER BY t."Id", t0."Id", t0."Id0", t2."Id", t2."Id0"
2025-07-29 17:06:41,737 [.NET TP Worker] INFO  Microsoft.EntityFrameworkCore.Database.Command - Executed DbCommand (1ms) [Parameters=[@__key_0='?' (DbType = Guid)], CommandType='Text', CommandTimeout='30']
SELECT l."Id", l."CreatedAt", l."CreatedBy", l."DeletedAt", l."Description", l."IsDeleted", l."Name", l."StandardLeaveCount", l."UpdatedAt", l."UpdatedBy"
FROM "LeaveTypes" AS l
WHERE NOT (l."IsDeleted") AND l."Id" = @__key_0
LIMIT 1
2025-07-29 17:06:41,738 [.NET TP Worker] INFO  Microsoft.EntityFrameworkCore.Database.Command - Executed DbCommand (0ms) [Parameters=[@__key_0='?' (DbType = Guid)], CommandType='Text', CommandTimeout='30']
SELECT l."Id", l."CreatedAt", l."CreatedBy", l."DeletedAt", l."Description", l."IsDeleted", l."Name", l."StandardLeaveCount", l."UpdatedAt", l."UpdatedBy"
FROM "LeaveTypes" AS l
WHERE NOT (l."IsDeleted") AND l."Id" = @__key_0
LIMIT 1
2025-07-29 17:06:41,740 [.NET TP Worker] INFO  Microsoft.EntityFrameworkCore.Database.Command - Executed DbCommand (2ms) [Parameters=[], CommandType='Text', CommandTimeout='30']
SELECT l."Id", l."CreatedAt", l."DeletedAt", l."EndDate", l."IsDeleted", l."LeaveTypeId", l."Reason", l."ReviewedById", l."StartDate", l."Status", l."UpdatedAt", l."UserId", t."Id", t."CreatedAt", t."CreatedBy", t."DeletedAt", t."Email", t."Gender", t."IsActive", t."IsDeleted", t."LastLoginAt", t."PasswordHash", t."Role", t."Username", t0."Id", t0."CreatedAt", t0."CreatedBy", t0."DeletedAt", t0."Description", t0."IsDeleted", t0."Name", t0."StandardLeaveCount", t0."UpdatedAt", t0."UpdatedBy", t1."Id", t1."CreatedAt", t1."CreatedBy", t1."DeletedAt", t1."Email", t1."Gender", t1."IsActive", t1."IsDeleted", t1."LastLoginAt", t1."PasswordHash", t1."Role", t1."Username", t2."Id", t2."DeletedAt", t2."FileContent", t2."FileName", t2."IsDeleted", t2."LeaveRequestId", t2."UploadedAt"
FROM "LeaveRequests" AS l
INNER JOIN (
    SELECT u."Id", u."CreatedAt", u."CreatedBy", u."DeletedAt", u."Email", u."Gender", u."IsActive", u."IsDeleted", u."LastLoginAt", u."PasswordHash", u."Role", u."Username"
    FROM "Users" AS u
    WHERE NOT (u."IsDeleted")
) AS t ON l."UserId" = t."Id"
INNER JOIN (
    SELECT l0."Id", l0."CreatedAt", l0."CreatedBy", l0."DeletedAt", l0."Description", l0."IsDeleted", l0."Name", l0."StandardLeaveCount", l0."UpdatedAt", l0."UpdatedBy"
    FROM "LeaveTypes" AS l0
    WHERE NOT (l0."IsDeleted")
) AS t0 ON l."LeaveTypeId" = t0."Id"
LEFT JOIN (
    SELECT u0."Id", u0."CreatedAt", u0."CreatedBy", u0."DeletedAt", u0."Email", u0."Gender", u0."IsActive", u0."IsDeleted", u0."LastLoginAt", u0."PasswordHash", u0."Role", u0."Username"
    FROM "Users" AS u0
    WHERE NOT (u0."IsDeleted")
) AS t1 ON l."ReviewedById" = t1."Id"
LEFT JOIN (
    SELECT l1."Id", l1."DeletedAt", l1."FileContent", l1."FileName", l1."IsDeleted", l1."LeaveRequestId", l1."UploadedAt"
    FROM "LeaveAttachments" AS l1
    WHERE NOT (l1."IsDeleted")
) AS t2 ON l."Id" = t2."LeaveRequestId"
WHERE NOT (l."IsDeleted")
ORDER BY l."Id", t."Id", t0."Id", t1."Id"
2025-07-29 17:06:41,741 [.NET TP Worker] ERROR LeaveManagementSystem.Controllers.LeaveRequestController - Error creating leave request.
System.Exception: You have already applied for leave in this date range.
 ---> System.InvalidOperationException: You have already applied for leave in this date range.
   at LeaveManagementSystem.Services.LeaveRequestService.ValidateOverlappingLeaveAsync(Guid userId, Guid leaveTypeId, DateTime startDate, DateTime endDate) in /Users/roopanvishnu/Documents/GensparkTraining/Training/15-07/LeaveManagementSystem-Final/LeaveManagementSystem-With-Notification/LeaveManagementSystem/Services/LeaveRequestService.cs:line 227
   at LeaveManagementSystem.Services.LeaveRequestService.CreateAsync(LeaveRequestDto dto) in /Users/roopanvishnu/Documents/GensparkTraining/Training/15-07/LeaveManagementSystem-Final/LeaveManagementSystem-With-Notification/LeaveManagementSystem/Services/LeaveRequestService.cs:line 160
   --- End of inner exception stack trace ---
   at LeaveManagementSystem.Services.LeaveRequestService.CreateAsync(LeaveRequestDto dto) in /Users/roopanvishnu/Documents/GensparkTraining/Training/15-07/LeaveManagementSystem-Final/LeaveManagementSystem-With-Notification/LeaveManagementSystem/Services/LeaveRequestService.cs:line 177
   at LeaveManagementSystem.Controllers.LeaveRequestController.Create(LeaveRequestDto dto) in /Users/roopanvishnu/Documents/GensparkTraining/Training/15-07/LeaveManagementSystem-Final/LeaveManagementSystem-With-Notification/LeaveManagementSystem/Controllers/LeaveRequestController.cs:line 111
2025-07-29 17:06:55,680 [.NET TP Worker] INFO  LeaveManagementSystem.Middlewares.ExceptionHandlingMiddleware - [Incoming Request] Timestamp: 2025-07-29T11:36:55.6801660Z, Method: POST, Path: /api/v1/leave-requests, User: Vishnu
2025-07-29 17:06:55,680 [.NET TP Worker] INFO  LeaveManagementSystem.Controllers.LeaveRequestController - Creating new leave request.
2025-07-29 17:06:55,683 [.NET TP Worker] INFO  Microsoft.EntityFrameworkCore.Database.Command - Executed DbCommand (2ms) [Parameters=[@__key_0='?' (DbType = Guid)], CommandType='Text', CommandTimeout='30']
SELECT t."Id", t."CreatedAt", t."CreatedBy", t."DeletedAt", t."Email", t."Gender", t."IsActive", t."IsDeleted", t."LastLoginAt", t."PasswordHash", t."Role", t."Username", t0."Id", t0."LeaveTypeId", t0."TotalLeaves", t0."UsedLeaves", t0."UserId", t0."Id0", t0."CreatedAt", t0."CreatedBy", t0."DeletedAt", t0."Description", t0."IsDeleted", t0."Name", t0."StandardLeaveCount", t0."UpdatedAt", t0."UpdatedBy", t2."Id", t2."CreatedAt", t2."DeletedAt", t2."EndDate", t2."IsDeleted", t2."LeaveTypeId", t2."Reason", t2."ReviewedById", t2."StartDate", t2."Status", t2."UpdatedAt", t2."UserId", t2."Id0", t2."CreatedAt0", t2."CreatedBy", t2."DeletedAt0", t2."Description", t2."IsDeleted0", t2."Name", t2."StandardLeaveCount", t2."UpdatedAt0", t2."UpdatedBy", t2."Id1", t2."CreatedAt1", t2."CreatedBy0", t2."DeletedAt1", t2."Email", t2."Gender", t2."IsActive", t2."IsDeleted1", t2."LastLoginAt", t2."PasswordHash", t2."Role", t2."Username"
FROM (
    SELECT u."Id", u."CreatedAt", u."CreatedBy", u."DeletedAt", u."Email", u."Gender", u."IsActive", u."IsDeleted", u."LastLoginAt", u."PasswordHash", u."Role", u."Username"
    FROM "Users" AS u
    WHERE NOT (u."IsDeleted") AND u."Id" = @__key_0 AND NOT (u."IsDeleted")
    LIMIT 1
) AS t
LEFT JOIN (
    SELECT l."Id", l."LeaveTypeId", l."TotalLeaves", l."UsedLeaves", l."UserId", t1."Id" AS "Id0", t1."CreatedAt", t1."CreatedBy", t1."DeletedAt", t1."Description", t1."IsDeleted", t1."Name", t1."StandardLeaveCount", t1."UpdatedAt", t1."UpdatedBy"
    FROM "LeaveBalances" AS l
    INNER JOIN (
        SELECT l0."Id", l0."CreatedAt", l0."CreatedBy", l0."DeletedAt", l0."Description", l0."IsDeleted", l0."Name", l0."StandardLeaveCount", l0."UpdatedAt", l0."UpdatedBy"
        FROM "LeaveTypes" AS l0
        WHERE NOT (l0."IsDeleted")
    ) AS t1 ON l."LeaveTypeId" = t1."Id"
) AS t0 ON t."Id" = t0."UserId"
LEFT JOIN (
    SELECT l1."Id", l1."CreatedAt", l1."DeletedAt", l1."EndDate", l1."IsDeleted", l1."LeaveTypeId", l1."Reason", l1."ReviewedById", l1."StartDate", l1."Status", l1."UpdatedAt", l1."UserId", t3."Id" AS "Id0", t3."CreatedAt" AS "CreatedAt0", t3."CreatedBy", t3."DeletedAt" AS "DeletedAt0", t3."Description", t3."IsDeleted" AS "IsDeleted0", t3."Name", t3."StandardLeaveCount", t3."UpdatedAt" AS "UpdatedAt0", t3."UpdatedBy", t4."Id" AS "Id1", t4."CreatedAt" AS "CreatedAt1", t4."CreatedBy" AS "CreatedBy0", t4."DeletedAt" AS "DeletedAt1", t4."Email", t4."Gender", t4."IsActive", t4."IsDeleted" AS "IsDeleted1", t4."LastLoginAt", t4."PasswordHash", t4."Role", t4."Username"
    FROM "LeaveRequests" AS l1
    INNER JOIN (
        SELECT l2."Id", l2."CreatedAt", l2."CreatedBy", l2."DeletedAt", l2."Description", l2."IsDeleted", l2."Name", l2."StandardLeaveCount", l2."UpdatedAt", l2."UpdatedBy"
        FROM "LeaveTypes" AS l2
        WHERE NOT (l2."IsDeleted")
    ) AS t3 ON l1."LeaveTypeId" = t3."Id"
    LEFT JOIN (
        SELECT u0."Id", u0."CreatedAt", u0."CreatedBy", u0."DeletedAt", u0."Email", u0."Gender", u0."IsActive", u0."IsDeleted", u0."LastLoginAt", u0."PasswordHash", u0."Role", u0."Username"
        FROM "Users" AS u0
        WHERE NOT (u0."IsDeleted")
    ) AS t4 ON l1."ReviewedById" = t4."Id"
    WHERE NOT (l1."IsDeleted")
) AS t2 ON t."Id" = t2."UserId"
ORDER BY t."Id", t0."Id", t0."Id0", t2."Id", t2."Id0"
2025-07-29 17:06:55,684 [.NET TP Worker] INFO  Microsoft.EntityFrameworkCore.Database.Command - Executed DbCommand (1ms) [Parameters=[@__key_0='?' (DbType = Guid)], CommandType='Text', CommandTimeout='30']
SELECT l."Id", l."CreatedAt", l."CreatedBy", l."DeletedAt", l."Description", l."IsDeleted", l."Name", l."StandardLeaveCount", l."UpdatedAt", l."UpdatedBy"
FROM "LeaveTypes" AS l
WHERE NOT (l."IsDeleted") AND l."Id" = @__key_0
LIMIT 1
2025-07-29 17:06:55,685 [.NET TP Worker] INFO  Microsoft.EntityFrameworkCore.Database.Command - Executed DbCommand (0ms) [Parameters=[@__key_0='?' (DbType = Guid)], CommandType='Text', CommandTimeout='30']
SELECT l."Id", l."CreatedAt", l."CreatedBy", l."DeletedAt", l."Description", l."IsDeleted", l."Name", l."StandardLeaveCount", l."UpdatedAt", l."UpdatedBy"
FROM "LeaveTypes" AS l
WHERE NOT (l."IsDeleted") AND l."Id" = @__key_0
LIMIT 1
2025-07-29 17:06:55,689 [.NET TP Worker] INFO  Microsoft.EntityFrameworkCore.Database.Command - Executed DbCommand (3ms) [Parameters=[], CommandType='Text', CommandTimeout='30']
SELECT l."Id", l."CreatedAt", l."DeletedAt", l."EndDate", l."IsDeleted", l."LeaveTypeId", l."Reason", l."ReviewedById", l."StartDate", l."Status", l."UpdatedAt", l."UserId", t."Id", t."CreatedAt", t."CreatedBy", t."DeletedAt", t."Email", t."Gender", t."IsActive", t."IsDeleted", t."LastLoginAt", t."PasswordHash", t."Role", t."Username", t0."Id", t0."CreatedAt", t0."CreatedBy", t0."DeletedAt", t0."Description", t0."IsDeleted", t0."Name", t0."StandardLeaveCount", t0."UpdatedAt", t0."UpdatedBy", t1."Id", t1."CreatedAt", t1."CreatedBy", t1."DeletedAt", t1."Email", t1."Gender", t1."IsActive", t1."IsDeleted", t1."LastLoginAt", t1."PasswordHash", t1."Role", t1."Username", t2."Id", t2."DeletedAt", t2."FileContent", t2."FileName", t2."IsDeleted", t2."LeaveRequestId", t2."UploadedAt"
FROM "LeaveRequests" AS l
INNER JOIN (
    SELECT u."Id", u."CreatedAt", u."CreatedBy", u."DeletedAt", u."Email", u."Gender", u."IsActive", u."IsDeleted", u."LastLoginAt", u."PasswordHash", u."Role", u."Username"
    FROM "Users" AS u
    WHERE NOT (u."IsDeleted")
) AS t ON l."UserId" = t."Id"
INNER JOIN (
    SELECT l0."Id", l0."CreatedAt", l0."CreatedBy", l0."DeletedAt", l0."Description", l0."IsDeleted", l0."Name", l0."StandardLeaveCount", l0."UpdatedAt", l0."UpdatedBy"
    FROM "LeaveTypes" AS l0
    WHERE NOT (l0."IsDeleted")
) AS t0 ON l."LeaveTypeId" = t0."Id"
LEFT JOIN (
    SELECT u0."Id", u0."CreatedAt", u0."CreatedBy", u0."DeletedAt", u0."Email", u0."Gender", u0."IsActive", u0."IsDeleted", u0."LastLoginAt", u0."PasswordHash", u0."Role", u0."Username"
    FROM "Users" AS u0
    WHERE NOT (u0."IsDeleted")
) AS t1 ON l."ReviewedById" = t1."Id"
LEFT JOIN (
    SELECT l1."Id", l1."DeletedAt", l1."FileContent", l1."FileName", l1."IsDeleted", l1."LeaveRequestId", l1."UploadedAt"
    FROM "LeaveAttachments" AS l1
    WHERE NOT (l1."IsDeleted")
) AS t2 ON l."Id" = t2."LeaveRequestId"
WHERE NOT (l."IsDeleted")
ORDER BY l."Id", t."Id", t0."Id", t1."Id"
2025-07-29 17:06:55,719 [.NET TP Worker] INFO  Microsoft.EntityFrameworkCore.Database.Command - Executed DbCommand (3ms) [Parameters=[@p0='?' (DbType = Guid), @p1='?' (DbType = DateTime), @p2='?' (DbType = DateTime), @p3='?' (DbType = DateTime), @p4='?' (DbType = Boolean), @p5='?' (DbType = Guid), @p6='?', @p7='?' (DbType = Guid), @p8='?' (DbType = DateTime), @p9='?', @p10='?' (DbType = DateTime), @p11='?' (DbType = Guid)], CommandType='Text', CommandTimeout='30']
INSERT INTO "LeaveRequests" ("Id", "CreatedAt", "DeletedAt", "EndDate", "IsDeleted", "LeaveTypeId", "Reason", "ReviewedById", "StartDate", "Status", "UpdatedAt", "UserId")
VALUES (@p0, @p1, @p2, @p3, @p4, @p5, @p6, @p7, @p8, @p9, @p10, @p11);
2025-07-29 17:06:55,744 [.NET TP Worker] INFO  Microsoft.EntityFrameworkCore.Database.Command - Executed DbCommand (2ms) [Parameters=[@__key_0='?' (DbType = Guid)], CommandType='Text', CommandTimeout='30']
SELECT t2."Id", t2."CreatedAt", t2."DeletedAt", t2."EndDate", t2."IsDeleted", t2."LeaveTypeId", t2."Reason", t2."ReviewedById", t2."StartDate", t2."Status", t2."UpdatedAt", t2."UserId", t2."Id0", t2."CreatedAt0", t2."CreatedBy", t2."DeletedAt0", t2."Email", t2."Gender", t2."IsActive", t2."IsDeleted0", t2."LastLoginAt", t2."PasswordHash", t2."Role", t2."Username", t2."Id1", t2."CreatedAt1", t2."CreatedBy0", t2."DeletedAt1", t2."Description", t2."IsDeleted1", t2."Name", t2."StandardLeaveCount", t2."UpdatedAt0", t2."UpdatedBy", t2."Id2", t2."CreatedAt2", t2."CreatedBy1", t2."DeletedAt2", t2."Email0", t2."Gender0", t2."IsActive0", t2."IsDeleted2", t2."LastLoginAt0", t2."PasswordHash0", t2."Role0", t2."Username0", t3."Id", t3."DeletedAt", t3."FileContent", t3."FileName", t3."IsDeleted", t3."LeaveRequestId", t3."UploadedAt"
FROM (
    SELECT l."Id", l."CreatedAt", l."DeletedAt", l."EndDate", l."IsDeleted", l."LeaveTypeId", l."Reason", l."ReviewedById", l."StartDate", l."Status", l."UpdatedAt", l."UserId", t."Id" AS "Id0", t."CreatedAt" AS "CreatedAt0", t."CreatedBy", t."DeletedAt" AS "DeletedAt0", t."Email", t."Gender", t."IsActive", t."IsDeleted" AS "IsDeleted0", t."LastLoginAt", t."PasswordHash", t."Role", t."Username", t0."Id" AS "Id1", t0."CreatedAt" AS "CreatedAt1", t0."CreatedBy" AS "CreatedBy0", t0."DeletedAt" AS "DeletedAt1", t0."Description", t0."IsDeleted" AS "IsDeleted1", t0."Name", t0."StandardLeaveCount", t0."UpdatedAt" AS "UpdatedAt0", t0."UpdatedBy", t1."Id" AS "Id2", t1."CreatedAt" AS "CreatedAt2", t1."CreatedBy" AS "CreatedBy1", t1."DeletedAt" AS "DeletedAt2", t1."Email" AS "Email0", t1."Gender" AS "Gender0", t1."IsActive" AS "IsActive0", t1."IsDeleted" AS "IsDeleted2", t1."LastLoginAt" AS "LastLoginAt0", t1."PasswordHash" AS "PasswordHash0", t1."Role" AS "Role0", t1."Username" AS "Username0"
    FROM "LeaveRequests" AS l
    INNER JOIN (
        SELECT u."Id", u."CreatedAt", u."CreatedBy", u."DeletedAt", u."Email", u."Gender", u."IsActive", u."IsDeleted", u."LastLoginAt", u."PasswordHash", u."Role", u."Username"
        FROM "Users" AS u
        WHERE NOT (u."IsDeleted")
    ) AS t ON l."UserId" = t."Id"
    INNER JOIN (
        SELECT l0."Id", l0."CreatedAt", l0."CreatedBy", l0."DeletedAt", l0."Description", l0."IsDeleted", l0."Name", l0."StandardLeaveCount", l0."UpdatedAt", l0."UpdatedBy"
        FROM "LeaveTypes" AS l0
        WHERE NOT (l0."IsDeleted")
    ) AS t0 ON l."LeaveTypeId" = t0."Id"
    LEFT JOIN (
        SELECT u0."Id", u0."CreatedAt", u0."CreatedBy", u0."DeletedAt", u0."Email", u0."Gender", u0."IsActive", u0."IsDeleted", u0."LastLoginAt", u0."PasswordHash", u0."Role", u0."Username"
        FROM "Users" AS u0
        WHERE NOT (u0."IsDeleted")
    ) AS t1 ON l."ReviewedById" = t1."Id"
    WHERE NOT (l."IsDeleted") AND l."Id" = @__key_0
    LIMIT 1
) AS t2
LEFT JOIN (
    SELECT l1."Id", l1."DeletedAt", l1."FileContent", l1."FileName", l1."IsDeleted", l1."LeaveRequestId", l1."UploadedAt"
    FROM "LeaveAttachments" AS l1
    WHERE NOT (l1."IsDeleted")
) AS t3 ON t2."Id" = t3."LeaveRequestId"
ORDER BY t2."Id", t2."Id0", t2."Id1", t2."Id2"
2025-07-29 17:06:55,774 [.NET TP Worker] INFO  Microsoft.EntityFrameworkCore.Database.Command - Executed DbCommand (1ms) [Parameters=[], CommandType='Text', CommandTimeout='30']
SELECT u."Id", u."CreatedAt", u."CreatedBy", u."DeletedAt", u."Email", u."Gender", u."IsActive", u."IsDeleted", u."LastLoginAt", u."PasswordHash", u."Role", u."Username"
FROM "Users" AS u
WHERE NOT (u."IsDeleted")
2025-07-29 17:06:55,775 [.NET TP Worker] INFO  Microsoft.EntityFrameworkCore.Database.Command - Executed DbCommand (4ms) [Parameters=[@p0='?' (DbType = Guid), @p1='?', @p2='?' (DbType = DateTime), @p3='?' (DbType = Guid), @p4='?', @p5='?' (DbType = Boolean), @p6='?' (DbType = DateTime), @p7='?' (DbType = Guid)], CommandType='Text', CommandTimeout='30']
INSERT INTO "AuditLogs" ("Id", "Action", "DeletedAt", "EntityId", "EntityType", "IsDeleted", "Timestamp", "UserId")
VALUES (@p0, @p1, @p2, @p3, @p4, @p5, @p6, @p7);
2025-07-29 17:06:55,779 [.NET TP Worker] INFO  Microsoft.EntityFrameworkCore.Database.Command - Executed DbCommand (3ms) [Parameters=[@__key_0='?' (DbType = Guid)], CommandType='Text', CommandTimeout='30']
SELECT t."Id", t."CreatedAt", t."CreatedBy", t."DeletedAt", t."Email", t."Gender", t."IsActive", t."IsDeleted", t."LastLoginAt", t."PasswordHash", t."Role", t."Username", t0."Id", t0."LeaveTypeId", t0."TotalLeaves", t0."UsedLeaves", t0."UserId", t0."Id0", t0."CreatedAt", t0."CreatedBy", t0."DeletedAt", t0."Description", t0."IsDeleted", t0."Name", t0."StandardLeaveCount", t0."UpdatedAt", t0."UpdatedBy", t2."Id", t2."CreatedAt", t2."DeletedAt", t2."EndDate", t2."IsDeleted", t2."LeaveTypeId", t2."Reason", t2."ReviewedById", t2."StartDate", t2."Status", t2."UpdatedAt", t2."UserId", t2."Id0", t2."CreatedAt0", t2."CreatedBy", t2."DeletedAt0", t2."Description", t2."IsDeleted0", t2."Name", t2."StandardLeaveCount", t2."UpdatedAt0", t2."UpdatedBy", t2."Id1", t2."CreatedAt1", t2."CreatedBy0", t2."DeletedAt1", t2."Email", t2."Gender", t2."IsActive", t2."IsDeleted1", t2."LastLoginAt", t2."PasswordHash", t2."Role", t2."Username"
FROM (
    SELECT u."Id", u."CreatedAt", u."CreatedBy", u."DeletedAt", u."Email", u."Gender", u."IsActive", u."IsDeleted", u."LastLoginAt", u."PasswordHash", u."Role", u."Username"
    FROM "Users" AS u
    WHERE NOT (u."IsDeleted") AND u."Id" = @__key_0 AND NOT (u."IsDeleted")
    LIMIT 1
) AS t
LEFT JOIN (
    SELECT l."Id", l."LeaveTypeId", l."TotalLeaves", l."UsedLeaves", l."UserId", t1."Id" AS "Id0", t1."CreatedAt", t1."CreatedBy", t1."DeletedAt", t1."Description", t1."IsDeleted", t1."Name", t1."StandardLeaveCount", t1."UpdatedAt", t1."UpdatedBy"
    FROM "LeaveBalances" AS l
    INNER JOIN (
        SELECT l0."Id", l0."CreatedAt", l0."CreatedBy", l0."DeletedAt", l0."Description", l0."IsDeleted", l0."Name", l0."StandardLeaveCount", l0."UpdatedAt", l0."UpdatedBy"
        FROM "LeaveTypes" AS l0
        WHERE NOT (l0."IsDeleted")
    ) AS t1 ON l."LeaveTypeId" = t1."Id"
) AS t0 ON t."Id" = t0."UserId"
LEFT JOIN (
    SELECT l1."Id", l1."CreatedAt", l1."DeletedAt", l1."EndDate", l1."IsDeleted", l1."LeaveTypeId", l1."Reason", l1."ReviewedById", l1."StartDate", l1."Status", l1."UpdatedAt", l1."UserId", t3."Id" AS "Id0", t3."CreatedAt" AS "CreatedAt0", t3."CreatedBy", t3."DeletedAt" AS "DeletedAt0", t3."Description", t3."IsDeleted" AS "IsDeleted0", t3."Name", t3."StandardLeaveCount", t3."UpdatedAt" AS "UpdatedAt0", t3."UpdatedBy", t4."Id" AS "Id1", t4."CreatedAt" AS "CreatedAt1", t4."CreatedBy" AS "CreatedBy0", t4."DeletedAt" AS "DeletedAt1", t4."Email", t4."Gender", t4."IsActive", t4."IsDeleted" AS "IsDeleted1", t4."LastLoginAt", t4."PasswordHash", t4."Role", t4."Username"
    FROM "LeaveRequests" AS l1
    INNER JOIN (
        SELECT l2."Id", l2."CreatedAt", l2."CreatedBy", l2."DeletedAt", l2."Description", l2."IsDeleted", l2."Name", l2."StandardLeaveCount", l2."UpdatedAt", l2."UpdatedBy"
        FROM "LeaveTypes" AS l2
        WHERE NOT (l2."IsDeleted")
    ) AS t3 ON l1."LeaveTypeId" = t3."Id"
    LEFT JOIN (
        SELECT u0."Id", u0."CreatedAt", u0."CreatedBy", u0."DeletedAt", u0."Email", u0."Gender", u0."IsActive", u0."IsDeleted", u0."LastLoginAt", u0."PasswordHash", u0."Role", u0."Username"
        FROM "Users" AS u0
        WHERE NOT (u0."IsDeleted")
    ) AS t4 ON l1."ReviewedById" = t4."Id"
    WHERE NOT (l1."IsDeleted")
) AS t2 ON t."Id" = t2."UserId"
ORDER BY t."Id", t0."Id", t0."Id0", t2."Id", t2."Id0"
2025-07-29 17:06:55,792 [.NET TP Worker] INFO  Microsoft.EntityFrameworkCore.Database.Command - Executed DbCommand (2ms) [Parameters=[@p0='?' (DbType = Guid), @p1='?' (DbType = DateTime), @p2='?' (DbType = DateTime), @p3='?' (DbType = Boolean), @p4='?' (DbType = Boolean), @p5='?', @p6='?' (DbType = DateTime), @p7='?' (DbType = Guid), @p8='?' (DbType = Guid)], CommandType='Text', CommandTimeout='30']
INSERT INTO "Notifications" ("Id", "CreatedAt", "DeletedAt", "IsDeleted", "IsRead", "Message", "ReadAt", "RecipientId", "ReviewedById")
VALUES (@p0, @p1, @p2, @p3, @p4, @p5, @p6, @p7, @p8);
2025-07-29 17:06:55,833 [.NET TP Worker] INFO  LeaveManagementSystem.Middlewares.ExceptionHandlingMiddleware - [Incoming Request] Timestamp: 2025-07-29T11:36:55.8332740Z, Method: GET, Path: /api/v1/leave-requests, User: Vishnu
2025-07-29 17:06:55,833 [.NET TP Worker] INFO  LeaveManagementSystem.Controllers.LeaveRequestController - Fetching all leave requests with pagination, search, filter, sort parameters.
2025-07-29 17:06:55,854 [.NET TP Worker] INFO  Microsoft.EntityFrameworkCore.Database.Command - Executed DbCommand (20ms) [Parameters=[], CommandType='Text', CommandTimeout='30']
SELECT l."Id", l."CreatedAt", l."DeletedAt", l."EndDate", l."IsDeleted", l."LeaveTypeId", l."Reason", l."ReviewedById", l."StartDate", l."Status", l."UpdatedAt", l."UserId", t."Id", t."CreatedAt", t."CreatedBy", t."DeletedAt", t."Email", t."Gender", t."IsActive", t."IsDeleted", t."LastLoginAt", t."PasswordHash", t."Role", t."Username", t0."Id", t0."CreatedAt", t0."CreatedBy", t0."DeletedAt", t0."Description", t0."IsDeleted", t0."Name", t0."StandardLeaveCount", t0."UpdatedAt", t0."UpdatedBy", t1."Id", t1."CreatedAt", t1."CreatedBy", t1."DeletedAt", t1."Email", t1."Gender", t1."IsActive", t1."IsDeleted", t1."LastLoginAt", t1."PasswordHash", t1."Role", t1."Username", t2."Id", t2."DeletedAt", t2."FileContent", t2."FileName", t2."IsDeleted", t2."LeaveRequestId", t2."UploadedAt"
FROM "LeaveRequests" AS l
INNER JOIN (
    SELECT u."Id", u."CreatedAt", u."CreatedBy", u."DeletedAt", u."Email", u."Gender", u."IsActive", u."IsDeleted", u."LastLoginAt", u."PasswordHash", u."Role", u."Username"
    FROM "Users" AS u
    WHERE NOT (u."IsDeleted")
) AS t ON l."UserId" = t."Id"
INNER JOIN (
    SELECT l0."Id", l0."CreatedAt", l0."CreatedBy", l0."DeletedAt", l0."Description", l0."IsDeleted", l0."Name", l0."StandardLeaveCount", l0."UpdatedAt", l0."UpdatedBy"
    FROM "LeaveTypes" AS l0
    WHERE NOT (l0."IsDeleted")
) AS t0 ON l."LeaveTypeId" = t0."Id"
LEFT JOIN (
    SELECT u0."Id", u0."CreatedAt", u0."CreatedBy", u0."DeletedAt", u0."Email", u0."Gender", u0."IsActive", u0."IsDeleted", u0."LastLoginAt", u0."PasswordHash", u0."Role", u0."Username"
    FROM "Users" AS u0
    WHERE NOT (u0."IsDeleted")
) AS t1 ON l."ReviewedById" = t1."Id"
LEFT JOIN (
    SELECT l1."Id", l1."DeletedAt", l1."FileContent", l1."FileName", l1."IsDeleted", l1."LeaveRequestId", l1."UploadedAt"
    FROM "LeaveAttachments" AS l1
    WHERE NOT (l1."IsDeleted")
) AS t2 ON l."Id" = t2."LeaveRequestId"
WHERE NOT (l."IsDeleted")
ORDER BY l."Id", t."Id", t0."Id", t1."Id"
2025-07-29 17:07:14,522 [.NET TP Worker] INFO  LeaveManagementSystem.Middlewares.ExceptionHandlingMiddleware - [Incoming Request] Timestamp: 2025-07-29T11:37:14.5221850Z, Method: POST, Path: /api/v1/auth/login, User: Anonymous
2025-07-29 17:07:14,524 [.NET TP Worker] INFO  Microsoft.EntityFrameworkCore.Database.Command - Executed DbCommand (1ms) [Parameters=[], CommandType='Text', CommandTimeout='30']
SELECT u."Id", u."CreatedAt", u."CreatedBy", u."DeletedAt", u."Email", u."Gender", u."IsActive", u."IsDeleted", u."LastLoginAt", u."PasswordHash", u."Role", u."Username"
FROM "Users" AS u
WHERE NOT (u."IsDeleted")
2025-07-29 17:07:14,699 [.NET TP Worker] INFO  Microsoft.EntityFrameworkCore.Database.Command - Executed DbCommand (1ms) [Parameters=[@p0='?' (DbType = Guid), @p1='?' (DbType = DateTime), @p2='?' (DbType = Boolean), @p3='?', @p4='?' (DbType = Guid)], CommandType='Text', CommandTimeout='30']
INSERT INTO "RefreshTokens" ("Id", "ExpiresAt", "IsRevoked", "Token", "UserId")
VALUES (@p0, @p1, @p2, @p3, @p4);
2025-07-29 17:07:14,699 [.NET TP Worker] INFO  LeaveManagementSystem.Services.AuthenticationService - User roovis2003@gmail.com logged in successfully
2025-07-29 17:07:14,699 [.NET TP Worker] INFO  LeaveManagementSystem.Controllers.AuthenticationController - User roovis2003@gmail.com logged in successfully.
2025-07-29 17:07:14,705 [.NET TP Worker] INFO  LeaveManagementSystem.Middlewares.ExceptionHandlingMiddleware - [Incoming Request] Timestamp: 2025-07-29T11:37:14.7056510Z, Method: GET, Path: /api/v1/leave-requests, User: Roopan
2025-07-29 17:07:14,706 [.NET TP Worker] INFO  LeaveManagementSystem.Controllers.LeaveRequestController - Fetching all leave requests with pagination, search, filter, sort parameters.
2025-07-29 17:07:14,709 [.NET TP Worker] INFO  Microsoft.EntityFrameworkCore.Database.Command - Executed DbCommand (2ms) [Parameters=[], CommandType='Text', CommandTimeout='30']
SELECT l."Id", l."CreatedAt", l."DeletedAt", l."EndDate", l."IsDeleted", l."LeaveTypeId", l."Reason", l."ReviewedById", l."StartDate", l."Status", l."UpdatedAt", l."UserId", t."Id", t."CreatedAt", t."CreatedBy", t."DeletedAt", t."Email", t."Gender", t."IsActive", t."IsDeleted", t."LastLoginAt", t."PasswordHash", t."Role", t."Username", t0."Id", t0."CreatedAt", t0."CreatedBy", t0."DeletedAt", t0."Description", t0."IsDeleted", t0."Name", t0."StandardLeaveCount", t0."UpdatedAt", t0."UpdatedBy", t1."Id", t1."CreatedAt", t1."CreatedBy", t1."DeletedAt", t1."Email", t1."Gender", t1."IsActive", t1."IsDeleted", t1."LastLoginAt", t1."PasswordHash", t1."Role", t1."Username", t2."Id", t2."DeletedAt", t2."FileContent", t2."FileName", t2."IsDeleted", t2."LeaveRequestId", t2."UploadedAt"
FROM "LeaveRequests" AS l
INNER JOIN (
    SELECT u."Id", u."CreatedAt", u."CreatedBy", u."DeletedAt", u."Email", u."Gender", u."IsActive", u."IsDeleted", u."LastLoginAt", u."PasswordHash", u."Role", u."Username"
    FROM "Users" AS u
    WHERE NOT (u."IsDeleted")
) AS t ON l."UserId" = t."Id"
INNER JOIN (
    SELECT l0."Id", l0."CreatedAt", l0."CreatedBy", l0."DeletedAt", l0."Description", l0."IsDeleted", l0."Name", l0."StandardLeaveCount", l0."UpdatedAt", l0."UpdatedBy"
    FROM "LeaveTypes" AS l0
    WHERE NOT (l0."IsDeleted")
) AS t0 ON l."LeaveTypeId" = t0."Id"
LEFT JOIN (
    SELECT u0."Id", u0."CreatedAt", u0."CreatedBy", u0."DeletedAt", u0."Email", u0."Gender", u0."IsActive", u0."IsDeleted", u0."LastLoginAt", u0."PasswordHash", u0."Role", u0."Username"
    FROM "Users" AS u0
    WHERE NOT (u0."IsDeleted")
) AS t1 ON l."ReviewedById" = t1."Id"
LEFT JOIN (
    SELECT l1."Id", l1."DeletedAt", l1."FileContent", l1."FileName", l1."IsDeleted", l1."LeaveRequestId", l1."UploadedAt"
    FROM "LeaveAttachments" AS l1
    WHERE NOT (l1."IsDeleted")
) AS t2 ON l."Id" = t2."LeaveRequestId"
WHERE NOT (l."IsDeleted")
ORDER BY l."Id", t."Id", t0."Id", t1."Id"
2025-07-29 17:07:14,714 [.NET TP Worker] INFO  LeaveManagementSystem.Middlewares.ExceptionHandlingMiddleware - [Incoming Request] Timestamp: 2025-07-29T11:37:14.7147340Z, Method: GET, Path: /api/v1/leave-requests, User: Roopan
2025-07-29 17:07:14,715 [.NET TP Worker] INFO  LeaveManagementSystem.Controllers.LeaveRequestController - Fetching all leave requests with pagination, search, filter, sort parameters.
2025-07-29 17:07:14,733 [.NET TP Worker] INFO  LeaveManagementSystem.Middlewares.ExceptionHandlingMiddleware - [Incoming Request] Timestamp: 2025-07-29T11:37:14.7336990Z, Method: GET, Path: /api/v1/leavetypes, User: Roopan
2025-07-29 17:07:14,733 [.NET TP Worker] INFO  LeaveManagementSystem.Middlewares.ExceptionHandlingMiddleware - [Incoming Request] Timestamp: 2025-07-29T11:37:14.7338640Z, Method: GET, Path: /api/v1/Users, User: Roopan
2025-07-29 17:07:14,734 [.NET TP Worker] INFO  LeaveManagementSystem.Controllers.LeaveTypeController - Fetching all leave types with pagination.
2025-07-29 17:07:14,734 [.NET TP Worker] INFO  LeaveManagementSystem.Controllers.UsersController - Fetching all users with pagination parameters.
2025-07-29 17:07:14,735 [.NET TP Worker] INFO  Microsoft.EntityFrameworkCore.Database.Command - Executed DbCommand (18ms) [Parameters=[], CommandType='Text', CommandTimeout='30']
SELECT l."Id", l."CreatedAt", l."DeletedAt", l."EndDate", l."IsDeleted", l."LeaveTypeId", l."Reason", l."ReviewedById", l."StartDate", l."Status", l."UpdatedAt", l."UserId", t."Id", t."CreatedAt", t."CreatedBy", t."DeletedAt", t."Email", t."Gender", t."IsActive", t."IsDeleted", t."LastLoginAt", t."PasswordHash", t."Role", t."Username", t0."Id", t0."CreatedAt", t0."CreatedBy", t0."DeletedAt", t0."Description", t0."IsDeleted", t0."Name", t0."StandardLeaveCount", t0."UpdatedAt", t0."UpdatedBy", t1."Id", t1."CreatedAt", t1."CreatedBy", t1."DeletedAt", t1."Email", t1."Gender", t1."IsActive", t1."IsDeleted", t1."LastLoginAt", t1."PasswordHash", t1."Role", t1."Username", t2."Id", t2."DeletedAt", t2."FileContent", t2."FileName", t2."IsDeleted", t2."LeaveRequestId", t2."UploadedAt"
FROM "LeaveRequests" AS l
INNER JOIN (
    SELECT u."Id", u."CreatedAt", u."CreatedBy", u."DeletedAt", u."Email", u."Gender", u."IsActive", u."IsDeleted", u."LastLoginAt", u."PasswordHash", u."Role", u."Username"
    FROM "Users" AS u
    WHERE NOT (u."IsDeleted")
) AS t ON l."UserId" = t."Id"
INNER JOIN (
    SELECT l0."Id", l0."CreatedAt", l0."CreatedBy", l0."DeletedAt", l0."Description", l0."IsDeleted", l0."Name", l0."StandardLeaveCount", l0."UpdatedAt", l0."UpdatedBy"
    FROM "LeaveTypes" AS l0
    WHERE NOT (l0."IsDeleted")
) AS t0 ON l."LeaveTypeId" = t0."Id"
LEFT JOIN (
    SELECT u0."Id", u0."CreatedAt", u0."CreatedBy", u0."DeletedAt", u0."Email", u0."Gender", u0."IsActive", u0."IsDeleted", u0."LastLoginAt", u0."PasswordHash", u0."Role", u0."Username"
    FROM "Users" AS u0
    WHERE NOT (u0."IsDeleted")
) AS t1 ON l."ReviewedById" = t1."Id"
LEFT JOIN (
    SELECT l1."Id", l1."DeletedAt", l1."FileContent", l1."FileName", l1."IsDeleted", l1."LeaveRequestId", l1."UploadedAt"
    FROM "LeaveAttachments" AS l1
    WHERE NOT (l1."IsDeleted")
) AS t2 ON l."Id" = t2."LeaveRequestId"
WHERE NOT (l."IsDeleted")
ORDER BY l."Id", t."Id", t0."Id", t1."Id"
2025-07-29 17:07:14,735 [.NET TP Worker] INFO  Microsoft.EntityFrameworkCore.Database.Command - Executed DbCommand (1ms) [Parameters=[], CommandType='Text', CommandTimeout='30']
SELECT u."Id", u."CreatedAt", u."CreatedBy", u."DeletedAt", u."Email", u."Gender", u."IsActive", u."IsDeleted", u."LastLoginAt", u."PasswordHash", u."Role", u."Username"
FROM "Users" AS u
WHERE NOT (u."IsDeleted")
2025-07-29 17:07:14,751 [.NET TP Worker] INFO  Microsoft.EntityFrameworkCore.Database.Command - Executed DbCommand (2ms) [Parameters=[], CommandType='Text', CommandTimeout='30']
SELECT l."Id", l."CreatedAt", l."CreatedBy", l."DeletedAt", l."Description", l."IsDeleted", l."Name", l."StandardLeaveCount", l."UpdatedAt", l."UpdatedBy"
FROM "LeaveTypes" AS l
WHERE NOT (l."IsDeleted")
2025-07-29 17:07:14,756 [.NET TP Worker] INFO  LeaveManagementSystem.Middlewares.ExceptionHandlingMiddleware - [Incoming Request] Timestamp: 2025-07-29T11:37:14.7559900Z, Method: GET, Path: /api/v1/leavetypes, User: Roopan
2025-07-29 17:07:14,756 [.NET TP Worker] INFO  LeaveManagementSystem.Controllers.LeaveTypeController - Fetching all leave types with pagination.
2025-07-29 17:07:14,760 [.NET TP Worker] INFO  Microsoft.EntityFrameworkCore.Database.Command - Executed DbCommand (2ms) [Parameters=[], CommandType='Text', CommandTimeout='30']
SELECT l."Id", l."CreatedAt", l."CreatedBy", l."DeletedAt", l."Description", l."IsDeleted", l."Name", l."StandardLeaveCount", l."UpdatedAt", l."UpdatedBy"
FROM "LeaveTypes" AS l
WHERE NOT (l."IsDeleted")
2025-07-29 17:07:14,787 [.NET TP Worker] INFO  LeaveManagementSystem.Middlewares.ExceptionHandlingMiddleware - [Incoming Request] Timestamp: 2025-07-29T11:37:14.7872480Z, Method: GET, Path: /api/v1/leave-requests, User: Roopan
2025-07-29 17:07:14,788 [.NET TP Worker] INFO  LeaveManagementSystem.Controllers.LeaveRequestController - Fetching all leave requests with pagination, search, filter, sort parameters.
2025-07-29 17:07:14,791 [.NET TP Worker] INFO  Microsoft.EntityFrameworkCore.Database.Command - Executed DbCommand (2ms) [Parameters=[], CommandType='Text', CommandTimeout='30']
SELECT l."Id", l."CreatedAt", l."DeletedAt", l."EndDate", l."IsDeleted", l."LeaveTypeId", l."Reason", l."ReviewedById", l."StartDate", l."Status", l."UpdatedAt", l."UserId", t."Id", t."CreatedAt", t."CreatedBy", t."DeletedAt", t."Email", t."Gender", t."IsActive", t."IsDeleted", t."LastLoginAt", t."PasswordHash", t."Role", t."Username", t0."Id", t0."CreatedAt", t0."CreatedBy", t0."DeletedAt", t0."Description", t0."IsDeleted", t0."Name", t0."StandardLeaveCount", t0."UpdatedAt", t0."UpdatedBy", t1."Id", t1."CreatedAt", t1."CreatedBy", t1."DeletedAt", t1."Email", t1."Gender", t1."IsActive", t1."IsDeleted", t1."LastLoginAt", t1."PasswordHash", t1."Role", t1."Username", t2."Id", t2."DeletedAt", t2."FileContent", t2."FileName", t2."IsDeleted", t2."LeaveRequestId", t2."UploadedAt"
FROM "LeaveRequests" AS l
INNER JOIN (
    SELECT u."Id", u."CreatedAt", u."CreatedBy", u."DeletedAt", u."Email", u."Gender", u."IsActive", u."IsDeleted", u."LastLoginAt", u."PasswordHash", u."Role", u."Username"
    FROM "Users" AS u
    WHERE NOT (u."IsDeleted")
) AS t ON l."UserId" = t."Id"
INNER JOIN (
    SELECT l0."Id", l0."CreatedAt", l0."CreatedBy", l0."DeletedAt", l0."Description", l0."IsDeleted", l0."Name", l0."StandardLeaveCount", l0."UpdatedAt", l0."UpdatedBy"
    FROM "LeaveTypes" AS l0
    WHERE NOT (l0."IsDeleted")
) AS t0 ON l."LeaveTypeId" = t0."Id"
LEFT JOIN (
    SELECT u0."Id", u0."CreatedAt", u0."CreatedBy", u0."DeletedAt", u0."Email", u0."Gender", u0."IsActive", u0."IsDeleted", u0."LastLoginAt", u0."PasswordHash", u0."Role", u0."Username"
    FROM "Users" AS u0
    WHERE NOT (u0."IsDeleted")
) AS t1 ON l."ReviewedById" = t1."Id"
LEFT JOIN (
    SELECT l1."Id", l1."DeletedAt", l1."FileContent", l1."FileName", l1."IsDeleted", l1."LeaveRequestId", l1."UploadedAt"
    FROM "LeaveAttachments" AS l1
    WHERE NOT (l1."IsDeleted")
) AS t2 ON l."Id" = t2."LeaveRequestId"
WHERE NOT (l."IsDeleted")
ORDER BY l."Id", t."Id", t0."Id", t1."Id"
2025-07-29 17:07:17,888 [.NET TP Worker] INFO  LeaveManagementSystem.Middlewares.ExceptionHandlingMiddleware - [Incoming Request] Timestamp: 2025-07-29T11:37:17.8889200Z, Method: GET, Path: /api/v1/leave-requests, User: Roopan
2025-07-29 17:07:17,890 [.NET TP Worker] INFO  LeaveManagementSystem.Controllers.LeaveRequestController - Fetching all leave requests with pagination, search, filter, sort parameters.
2025-07-29 17:07:17,906 [.NET TP Worker] INFO  Microsoft.EntityFrameworkCore.Database.Command - Executed DbCommand (15ms) [Parameters=[], CommandType='Text', CommandTimeout='30']
SELECT l."Id", l."CreatedAt", l."DeletedAt", l."EndDate", l."IsDeleted", l."LeaveTypeId", l."Reason", l."ReviewedById", l."StartDate", l."Status", l."UpdatedAt", l."UserId", t."Id", t."CreatedAt", t."CreatedBy", t."DeletedAt", t."Email", t."Gender", t."IsActive", t."IsDeleted", t."LastLoginAt", t."PasswordHash", t."Role", t."Username", t0."Id", t0."CreatedAt", t0."CreatedBy", t0."DeletedAt", t0."Description", t0."IsDeleted", t0."Name", t0."StandardLeaveCount", t0."UpdatedAt", t0."UpdatedBy", t1."Id", t1."CreatedAt", t1."CreatedBy", t1."DeletedAt", t1."Email", t1."Gender", t1."IsActive", t1."IsDeleted", t1."LastLoginAt", t1."PasswordHash", t1."Role", t1."Username", t2."Id", t2."DeletedAt", t2."FileContent", t2."FileName", t2."IsDeleted", t2."LeaveRequestId", t2."UploadedAt"
FROM "LeaveRequests" AS l
INNER JOIN (
    SELECT u."Id", u."CreatedAt", u."CreatedBy", u."DeletedAt", u."Email", u."Gender", u."IsActive", u."IsDeleted", u."LastLoginAt", u."PasswordHash", u."Role", u."Username"
    FROM "Users" AS u
    WHERE NOT (u."IsDeleted")
) AS t ON l."UserId" = t."Id"
INNER JOIN (
    SELECT l0."Id", l0."CreatedAt", l0."CreatedBy", l0."DeletedAt", l0."Description", l0."IsDeleted", l0."Name", l0."StandardLeaveCount", l0."UpdatedAt", l0."UpdatedBy"
    FROM "LeaveTypes" AS l0
    WHERE NOT (l0."IsDeleted")
) AS t0 ON l."LeaveTypeId" = t0."Id"
LEFT JOIN (
    SELECT u0."Id", u0."CreatedAt", u0."CreatedBy", u0."DeletedAt", u0."Email", u0."Gender", u0."IsActive", u0."IsDeleted", u0."LastLoginAt", u0."PasswordHash", u0."Role", u0."Username"
    FROM "Users" AS u0
    WHERE NOT (u0."IsDeleted")
) AS t1 ON l."ReviewedById" = t1."Id"
LEFT JOIN (
    SELECT l1."Id", l1."DeletedAt", l1."FileContent", l1."FileName", l1."IsDeleted", l1."LeaveRequestId", l1."UploadedAt"
    FROM "LeaveAttachments" AS l1
    WHERE NOT (l1."IsDeleted")
) AS t2 ON l."Id" = t2."LeaveRequestId"
WHERE NOT (l."IsDeleted")
ORDER BY l."Id", t."Id", t0."Id", t1."Id"
2025-07-29 17:07:21,544 [.NET TP Worker] INFO  LeaveManagementSystem.Middlewares.ExceptionHandlingMiddleware - [Incoming Request] Timestamp: 2025-07-29T11:37:21.5448720Z, Method: GET, Path: /api/v1/leave-requests/fb3a7848-ea3c-4df3-8400-64c012a0d8e6, User: Roopan
2025-07-29 17:07:21,554 [.NET TP Worker] INFO  LeaveManagementSystem.Controllers.LeaveRequestController - Fetching leave request with ID: fb3a7848-ea3c-4df3-8400-64c012a0d8e6
2025-07-29 17:07:21,558 [.NET TP Worker] INFO  Microsoft.EntityFrameworkCore.Database.Command - Executed DbCommand (2ms) [Parameters=[@__key_0='?' (DbType = Guid)], CommandType='Text', CommandTimeout='30']
SELECT t2."Id", t2."CreatedAt", t2."DeletedAt", t2."EndDate", t2."IsDeleted", t2."LeaveTypeId", t2."Reason", t2."ReviewedById", t2."StartDate", t2."Status", t2."UpdatedAt", t2."UserId", t2."Id0", t2."CreatedAt0", t2."CreatedBy", t2."DeletedAt0", t2."Email", t2."Gender", t2."IsActive", t2."IsDeleted0", t2."LastLoginAt", t2."PasswordHash", t2."Role", t2."Username", t2."Id1", t2."CreatedAt1", t2."CreatedBy0", t2."DeletedAt1", t2."Description", t2."IsDeleted1", t2."Name", t2."StandardLeaveCount", t2."UpdatedAt0", t2."UpdatedBy", t2."Id2", t2."CreatedAt2", t2."CreatedBy1", t2."DeletedAt2", t2."Email0", t2."Gender0", t2."IsActive0", t2."IsDeleted2", t2."LastLoginAt0", t2."PasswordHash0", t2."Role0", t2."Username0", t3."Id", t3."DeletedAt", t3."FileContent", t3."FileName", t3."IsDeleted", t3."LeaveRequestId", t3."UploadedAt"
FROM (
    SELECT l."Id", l."CreatedAt", l."DeletedAt", l."EndDate", l."IsDeleted", l."LeaveTypeId", l."Reason", l."ReviewedById", l."StartDate", l."Status", l."UpdatedAt", l."UserId", t."Id" AS "Id0", t."CreatedAt" AS "CreatedAt0", t."CreatedBy", t."DeletedAt" AS "DeletedAt0", t."Email", t."Gender", t."IsActive", t."IsDeleted" AS "IsDeleted0", t."LastLoginAt", t."PasswordHash", t."Role", t."Username", t0."Id" AS "Id1", t0."CreatedAt" AS "CreatedAt1", t0."CreatedBy" AS "CreatedBy0", t0."DeletedAt" AS "DeletedAt1", t0."Description", t0."IsDeleted" AS "IsDeleted1", t0."Name", t0."StandardLeaveCount", t0."UpdatedAt" AS "UpdatedAt0", t0."UpdatedBy", t1."Id" AS "Id2", t1."CreatedAt" AS "CreatedAt2", t1."CreatedBy" AS "CreatedBy1", t1."DeletedAt" AS "DeletedAt2", t1."Email" AS "Email0", t1."Gender" AS "Gender0", t1."IsActive" AS "IsActive0", t1."IsDeleted" AS "IsDeleted2", t1."LastLoginAt" AS "LastLoginAt0", t1."PasswordHash" AS "PasswordHash0", t1."Role" AS "Role0", t1."Username" AS "Username0"
    FROM "LeaveRequests" AS l
    INNER JOIN (
        SELECT u."Id", u."CreatedAt", u."CreatedBy", u."DeletedAt", u."Email", u."Gender", u."IsActive", u."IsDeleted", u."LastLoginAt", u."PasswordHash", u."Role", u."Username"
        FROM "Users" AS u
        WHERE NOT (u."IsDeleted")
    ) AS t ON l."UserId" = t."Id"
    INNER JOIN (
        SELECT l0."Id", l0."CreatedAt", l0."CreatedBy", l0."DeletedAt", l0."Description", l0."IsDeleted", l0."Name", l0."StandardLeaveCount", l0."UpdatedAt", l0."UpdatedBy"
        FROM "LeaveTypes" AS l0
        WHERE NOT (l0."IsDeleted")
    ) AS t0 ON l."LeaveTypeId" = t0."Id"
    LEFT JOIN (
        SELECT u0."Id", u0."CreatedAt", u0."CreatedBy", u0."DeletedAt", u0."Email", u0."Gender", u0."IsActive", u0."IsDeleted", u0."LastLoginAt", u0."PasswordHash", u0."Role", u0."Username"
        FROM "Users" AS u0
        WHERE NOT (u0."IsDeleted")
    ) AS t1 ON l."ReviewedById" = t1."Id"
    WHERE NOT (l."IsDeleted") AND l."Id" = @__key_0
    LIMIT 1
) AS t2
LEFT JOIN (
    SELECT l1."Id", l1."DeletedAt", l1."FileContent", l1."FileName", l1."IsDeleted", l1."LeaveRequestId", l1."UploadedAt"
    FROM "LeaveAttachments" AS l1
    WHERE NOT (l1."IsDeleted")
) AS t3 ON t2."Id" = t3."LeaveRequestId"
ORDER BY t2."Id", t2."Id0", t2."Id1", t2."Id2"
2025-07-29 17:07:21,567 [.NET TP Worker] INFO  LeaveManagementSystem.Middlewares.ExceptionHandlingMiddleware - [Incoming Request] Timestamp: 2025-07-29T11:37:21.5670760Z, Method: GET, Path: /api/v1/leave-attachments/by-leave-request/fb3a7848-ea3c-4df3-8400-64c012a0d8e6, User: Roopan
2025-07-29 17:07:21,567 [.NET TP Worker] INFO  LeaveManagementSystem.Middlewares.ExceptionHandlingMiddleware - [Incoming Request] Timestamp: 2025-07-29T11:37:21.5671100Z, Method: GET, Path: /api/v1/leave-balance/user/394381f0-2817-4544-90f1-938149322be1/leaveType/0db4c90f-3394-4ad9-a850-a5435d9b2412, User: Roopan
2025-07-29 17:07:21,569 [.NET TP Worker] INFO  LeaveManagementSystem.Middlewares.ExceptionHandlingMiddleware - [Incoming Request] Timestamp: 2025-07-29T11:37:21.5699500Z, Method: GET, Path: /api/v1/leave-requests/fb3a7848-ea3c-4df3-8400-64c012a0d8e6/admin-override-comment, User: Roopan
2025-07-29 17:07:21,575 [.NET TP Worker] INFO  LeaveManagementSystem.Controllers.LeaveBalanceController - Fetching leave balance for user ID: 394381f0-2817-4544-90f1-938149322be1 and leave type ID: 0db4c90f-3394-4ad9-a850-a5435d9b2412
2025-07-29 17:07:21,575 [.NET TP Worker] INFO  LeaveManagementSystem.Controllers.LeaveAttachmentController - Fetching attachments for LeaveRequestId: fb3a7848-ea3c-4df3-8400-64c012a0d8e6
2025-07-29 17:07:21,581 [.NET TP Worker] INFO  Microsoft.EntityFrameworkCore.Database.Command - Executed DbCommand (3ms) [Parameters=[@__key_0='?' (DbType = Guid)], CommandType='Text', CommandTimeout='30']
SELECT t."Id", t."CreatedAt", t."CreatedBy", t."DeletedAt", t."Email", t."Gender", t."IsActive", t."IsDeleted", t."LastLoginAt", t."PasswordHash", t."Role", t."Username", t0."Id", t0."LeaveTypeId", t0."TotalLeaves", t0."UsedLeaves", t0."UserId", t0."Id0", t0."CreatedAt", t0."CreatedBy", t0."DeletedAt", t0."Description", t0."IsDeleted", t0."Name", t0."StandardLeaveCount", t0."UpdatedAt", t0."UpdatedBy", t2."Id", t2."CreatedAt", t2."DeletedAt", t2."EndDate", t2."IsDeleted", t2."LeaveTypeId", t2."Reason", t2."ReviewedById", t2."StartDate", t2."Status", t2."UpdatedAt", t2."UserId", t2."Id0", t2."CreatedAt0", t2."CreatedBy", t2."DeletedAt0", t2."Description", t2."IsDeleted0", t2."Name", t2."StandardLeaveCount", t2."UpdatedAt0", t2."UpdatedBy", t2."Id1", t2."CreatedAt1", t2."CreatedBy0", t2."DeletedAt1", t2."Email", t2."Gender", t2."IsActive", t2."IsDeleted1", t2."LastLoginAt", t2."PasswordHash", t2."Role", t2."Username"
FROM (
    SELECT u."Id", u."CreatedAt", u."CreatedBy", u."DeletedAt", u."Email", u."Gender", u."IsActive", u."IsDeleted", u."LastLoginAt", u."PasswordHash", u."Role", u."Username"
    FROM "Users" AS u
    WHERE NOT (u."IsDeleted") AND u."Id" = @__key_0 AND NOT (u."IsDeleted")
    LIMIT 1
) AS t
LEFT JOIN (
    SELECT l."Id", l."LeaveTypeId", l."TotalLeaves", l."UsedLeaves", l."UserId", t1."Id" AS "Id0", t1."CreatedAt", t1."CreatedBy", t1."DeletedAt", t1."Description", t1."IsDeleted", t1."Name", t1."StandardLeaveCount", t1."UpdatedAt", t1."UpdatedBy"
    FROM "LeaveBalances" AS l
    INNER JOIN (
        SELECT l0."Id", l0."CreatedAt", l0."CreatedBy", l0."DeletedAt", l0."Description", l0."IsDeleted", l0."Name", l0."StandardLeaveCount", l0."UpdatedAt", l0."UpdatedBy"
        FROM "LeaveTypes" AS l0
        WHERE NOT (l0."IsDeleted")
    ) AS t1 ON l."LeaveTypeId" = t1."Id"
) AS t0 ON t."Id" = t0."UserId"
LEFT JOIN (
    SELECT l1."Id", l1."CreatedAt", l1."DeletedAt", l1."EndDate", l1."IsDeleted", l1."LeaveTypeId", l1."Reason", l1."ReviewedById", l1."StartDate", l1."Status", l1."UpdatedAt", l1."UserId", t3."Id" AS "Id0", t3."CreatedAt" AS "CreatedAt0", t3."CreatedBy", t3."DeletedAt" AS "DeletedAt0", t3."Description", t3."IsDeleted" AS "IsDeleted0", t3."Name", t3."StandardLeaveCount", t3."UpdatedAt" AS "UpdatedAt0", t3."UpdatedBy", t4."Id" AS "Id1", t4."CreatedAt" AS "CreatedAt1", t4."CreatedBy" AS "CreatedBy0", t4."DeletedAt" AS "DeletedAt1", t4."Email", t4."Gender", t4."IsActive", t4."IsDeleted" AS "IsDeleted1", t4."LastLoginAt", t4."PasswordHash", t4."Role", t4."Username"
    FROM "LeaveRequests" AS l1
    INNER JOIN (
        SELECT l2."Id", l2."CreatedAt", l2."CreatedBy", l2."DeletedAt", l2."Description", l2."IsDeleted", l2."Name", l2."StandardLeaveCount", l2."UpdatedAt", l2."UpdatedBy"
        FROM "LeaveTypes" AS l2
        WHERE NOT (l2."IsDeleted")
    ) AS t3 ON l1."LeaveTypeId" = t3."Id"
    LEFT JOIN (
        SELECT u0."Id", u0."CreatedAt", u0."CreatedBy", u0."DeletedAt", u0."Email", u0."Gender", u0."IsActive", u0."IsDeleted", u0."LastLoginAt", u0."PasswordHash", u0."Role", u0."Username"
        FROM "Users" AS u0
        WHERE NOT (u0."IsDeleted")
    ) AS t4 ON l1."ReviewedById" = t4."Id"
    WHERE NOT (l1."IsDeleted")
) AS t2 ON t."Id" = t2."UserId"
ORDER BY t."Id", t0."Id", t0."Id0", t2."Id", t2."Id0"
2025-07-29 17:07:21,592 [.NET TP Worker] INFO  Microsoft.EntityFrameworkCore.Database.Command - Executed DbCommand (14ms) [Parameters=[@__key_0='?' (DbType = Guid)], CommandType='Text', CommandTimeout='30']
SELECT t2."Id", t2."CreatedAt", t2."DeletedAt", t2."EndDate", t2."IsDeleted", t2."LeaveTypeId", t2."Reason", t2."ReviewedById", t2."StartDate", t2."Status", t2."UpdatedAt", t2."UserId", t2."Id0", t2."CreatedAt0", t2."CreatedBy", t2."DeletedAt0", t2."Email", t2."Gender", t2."IsActive", t2."IsDeleted0", t2."LastLoginAt", t2."PasswordHash", t2."Role", t2."Username", t2."Id1", t2."CreatedAt1", t2."CreatedBy0", t2."DeletedAt1", t2."Description", t2."IsDeleted1", t2."Name", t2."StandardLeaveCount", t2."UpdatedAt0", t2."UpdatedBy", t2."Id2", t2."CreatedAt2", t2."CreatedBy1", t2."DeletedAt2", t2."Email0", t2."Gender0", t2."IsActive0", t2."IsDeleted2", t2."LastLoginAt0", t2."PasswordHash0", t2."Role0", t2."Username0", t3."Id", t3."DeletedAt", t3."FileContent", t3."FileName", t3."IsDeleted", t3."LeaveRequestId", t3."UploadedAt"
FROM (
    SELECT l."Id", l."CreatedAt", l."DeletedAt", l."EndDate", l."IsDeleted", l."LeaveTypeId", l."Reason", l."ReviewedById", l."StartDate", l."Status", l."UpdatedAt", l."UserId", t."Id" AS "Id0", t."CreatedAt" AS "CreatedAt0", t."CreatedBy", t."DeletedAt" AS "DeletedAt0", t."Email", t."Gender", t."IsActive", t."IsDeleted" AS "IsDeleted0", t."LastLoginAt", t."PasswordHash", t."Role", t."Username", t0."Id" AS "Id1", t0."CreatedAt" AS "CreatedAt1", t0."CreatedBy" AS "CreatedBy0", t0."DeletedAt" AS "DeletedAt1", t0."Description", t0."IsDeleted" AS "IsDeleted1", t0."Name", t0."StandardLeaveCount", t0."UpdatedAt" AS "UpdatedAt0", t0."UpdatedBy", t1."Id" AS "Id2", t1."CreatedAt" AS "CreatedAt2", t1."CreatedBy" AS "CreatedBy1", t1."DeletedAt" AS "DeletedAt2", t1."Email" AS "Email0", t1."Gender" AS "Gender0", t1."IsActive" AS "IsActive0", t1."IsDeleted" AS "IsDeleted2", t1."LastLoginAt" AS "LastLoginAt0", t1."PasswordHash" AS "PasswordHash0", t1."Role" AS "Role0", t1."Username" AS "Username0"
    FROM "LeaveRequests" AS l
    INNER JOIN (
        SELECT u."Id", u."CreatedAt", u."CreatedBy", u."DeletedAt", u."Email", u."Gender", u."IsActive", u."IsDeleted", u."LastLoginAt", u."PasswordHash", u."Role", u."Username"
        FROM "Users" AS u
        WHERE NOT (u."IsDeleted")
    ) AS t ON l."UserId" = t."Id"
    INNER JOIN (
        SELECT l0."Id", l0."CreatedAt", l0."CreatedBy", l0."DeletedAt", l0."Description", l0."IsDeleted", l0."Name", l0."StandardLeaveCount", l0."UpdatedAt", l0."UpdatedBy"
        FROM "LeaveTypes" AS l0
        WHERE NOT (l0."IsDeleted")
    ) AS t0 ON l."LeaveTypeId" = t0."Id"
    LEFT JOIN (
        SELECT u0."Id", u0."CreatedAt", u0."CreatedBy", u0."DeletedAt", u0."Email", u0."Gender", u0."IsActive", u0."IsDeleted", u0."LastLoginAt", u0."PasswordHash", u0."Role", u0."Username"
        FROM "Users" AS u0
        WHERE NOT (u0."IsDeleted")
    ) AS t1 ON l."ReviewedById" = t1."Id"
    WHERE NOT (l."IsDeleted") AND l."Id" = @__key_0
    LIMIT 1
) AS t2
LEFT JOIN (
    SELECT l1."Id", l1."DeletedAt", l1."FileContent", l1."FileName", l1."IsDeleted", l1."LeaveRequestId", l1."UploadedAt"
    FROM "LeaveAttachments" AS l1
    WHERE NOT (l1."IsDeleted")
) AS t3 ON t2."Id" = t3."LeaveRequestId"
ORDER BY t2."Id", t2."Id0", t2."Id1", t2."Id2"
2025-07-29 17:07:21,605 [.NET TP Worker] INFO  Microsoft.EntityFrameworkCore.Database.Command - Executed DbCommand (1ms) [Parameters=[], CommandType='Text', CommandTimeout='30']
SELECT l."Id", l."DeletedAt", l."FileContent", l."FileName", l."IsDeleted", l."LeaveRequestId", l."UploadedAt", t."Id", t."CreatedAt", t."DeletedAt", t."EndDate", t."IsDeleted", t."LeaveTypeId", t."Reason", t."ReviewedById", t."StartDate", t."Status", t."UpdatedAt", t."UserId"
FROM "LeaveAttachments" AS l
INNER JOIN (
    SELECT l0."Id", l0."CreatedAt", l0."DeletedAt", l0."EndDate", l0."IsDeleted", l0."LeaveTypeId", l0."Reason", l0."ReviewedById", l0."StartDate", l0."Status", l0."UpdatedAt", l0."UserId"
    FROM "LeaveRequests" AS l0
    WHERE NOT (l0."IsDeleted")
) AS t ON l."LeaveRequestId" = t."Id"
WHERE NOT (l."IsDeleted")
2025-07-29 17:07:21,606 [.NET TP Worker] WARN  LeaveManagementSystem.Controllers.LeaveAttachmentController - No attachments found for LeaveRequestId: fb3a7848-ea3c-4df3-8400-64c012a0d8e6
2025-07-29 17:07:21,626 [.NET TP Worker] INFO  Microsoft.EntityFrameworkCore.Database.Command - Executed DbCommand (4ms) [Parameters=[@__leaveRequestId_0='?' (DbType = Guid)], CommandType='Text', CommandTimeout='30']
SELECT l."Id", l."AdminId", l."Comment", l."CreatedAt", l."LeaveRequestId"
FROM "LeaveRequestComments" AS l
WHERE l."LeaveRequestId" = @__leaveRequestId_0 AND l."AdminId" <> '00000000-0000-0000-0000-000000000000'
ORDER BY l."CreatedAt" DESC
LIMIT 1
2025-07-29 17:07:34,010 [.NET TP Worker] INFO  LeaveManagementSystem.Middlewares.ExceptionHandlingMiddleware - [Incoming Request] Timestamp: 2025-07-29T11:37:34.0109050Z, Method: PUT, Path: /api/v1/leave-requests/fb3a7848-ea3c-4df3-8400-64c012a0d8e6/status, User: Roopan
2025-07-29 17:07:34,094 [.NET TP Worker] INFO  LeaveManagementSystem.Controllers.LeaveRequestController - Updating leave request status for ID: fb3a7848-ea3c-4df3-8400-64c012a0d8e6 by approver ID: 0d1f064b-6d80-4978-a3db-f097e55ab15b
2025-07-29 17:07:34,106 [.NET TP Worker] INFO  Microsoft.EntityFrameworkCore.Database.Command - Executed DbCommand (4ms) [Parameters=[@__key_0='?' (DbType = Guid)], CommandType='Text', CommandTimeout='30']
SELECT t2."Id", t2."CreatedAt", t2."DeletedAt", t2."EndDate", t2."IsDeleted", t2."LeaveTypeId", t2."Reason", t2."ReviewedById", t2."StartDate", t2."Status", t2."UpdatedAt", t2."UserId", t2."Id0", t2."CreatedAt0", t2."CreatedBy", t2."DeletedAt0", t2."Email", t2."Gender", t2."IsActive", t2."IsDeleted0", t2."LastLoginAt", t2."PasswordHash", t2."Role", t2."Username", t2."Id1", t2."CreatedAt1", t2."CreatedBy0", t2."DeletedAt1", t2."Description", t2."IsDeleted1", t2."Name", t2."StandardLeaveCount", t2."UpdatedAt0", t2."UpdatedBy", t2."Id2", t2."CreatedAt2", t2."CreatedBy1", t2."DeletedAt2", t2."Email0", t2."Gender0", t2."IsActive0", t2."IsDeleted2", t2."LastLoginAt0", t2."PasswordHash0", t2."Role0", t2."Username0", t3."Id", t3."DeletedAt", t3."FileContent", t3."FileName", t3."IsDeleted", t3."LeaveRequestId", t3."UploadedAt"
FROM (
    SELECT l."Id", l."CreatedAt", l."DeletedAt", l."EndDate", l."IsDeleted", l."LeaveTypeId", l."Reason", l."ReviewedById", l."StartDate", l."Status", l."UpdatedAt", l."UserId", t."Id" AS "Id0", t."CreatedAt" AS "CreatedAt0", t."CreatedBy", t."DeletedAt" AS "DeletedAt0", t."Email", t."Gender", t."IsActive", t."IsDeleted" AS "IsDeleted0", t."LastLoginAt", t."PasswordHash", t."Role", t."Username", t0."Id" AS "Id1", t0."CreatedAt" AS "CreatedAt1", t0."CreatedBy" AS "CreatedBy0", t0."DeletedAt" AS "DeletedAt1", t0."Description", t0."IsDeleted" AS "IsDeleted1", t0."Name", t0."StandardLeaveCount", t0."UpdatedAt" AS "UpdatedAt0", t0."UpdatedBy", t1."Id" AS "Id2", t1."CreatedAt" AS "CreatedAt2", t1."CreatedBy" AS "CreatedBy1", t1."DeletedAt" AS "DeletedAt2", t1."Email" AS "Email0", t1."Gender" AS "Gender0", t1."IsActive" AS "IsActive0", t1."IsDeleted" AS "IsDeleted2", t1."LastLoginAt" AS "LastLoginAt0", t1."PasswordHash" AS "PasswordHash0", t1."Role" AS "Role0", t1."Username" AS "Username0"
    FROM "LeaveRequests" AS l
    INNER JOIN (
        SELECT u."Id", u."CreatedAt", u."CreatedBy", u."DeletedAt", u."Email", u."Gender", u."IsActive", u."IsDeleted", u."LastLoginAt", u."PasswordHash", u."Role", u."Username"
        FROM "Users" AS u
        WHERE NOT (u."IsDeleted")
    ) AS t ON l."UserId" = t."Id"
    INNER JOIN (
        SELECT l0."Id", l0."CreatedAt", l0."CreatedBy", l0."DeletedAt", l0."Description", l0."IsDeleted", l0."Name", l0."StandardLeaveCount", l0."UpdatedAt", l0."UpdatedBy"
        FROM "LeaveTypes" AS l0
        WHERE NOT (l0."IsDeleted")
    ) AS t0 ON l."LeaveTypeId" = t0."Id"
    LEFT JOIN (
        SELECT u0."Id", u0."CreatedAt", u0."CreatedBy", u0."DeletedAt", u0."Email", u0."Gender", u0."IsActive", u0."IsDeleted", u0."LastLoginAt", u0."PasswordHash", u0."Role", u0."Username"
        FROM "Users" AS u0
        WHERE NOT (u0."IsDeleted")
    ) AS t1 ON l."ReviewedById" = t1."Id"
    WHERE NOT (l."IsDeleted") AND l."Id" = @__key_0
    LIMIT 1
) AS t2
LEFT JOIN (
    SELECT l1."Id", l1."DeletedAt", l1."FileContent", l1."FileName", l1."IsDeleted", l1."LeaveRequestId", l1."UploadedAt"
    FROM "LeaveAttachments" AS l1
    WHERE NOT (l1."IsDeleted")
) AS t3 ON t2."Id" = t3."LeaveRequestId"
ORDER BY t2."Id", t2."Id0", t2."Id1", t2."Id2"
2025-07-29 17:07:34,118 [.NET TP Worker] INFO  Microsoft.EntityFrameworkCore.Database.Command - Executed DbCommand (5ms) [Parameters=[@__key_0='?' (DbType = Guid)], CommandType='Text', CommandTimeout='30']
SELECT t2."Id", t2."CreatedAt", t2."DeletedAt", t2."EndDate", t2."IsDeleted", t2."LeaveTypeId", t2."Reason", t2."ReviewedById", t2."StartDate", t2."Status", t2."UpdatedAt", t2."UserId", t2."Id0", t2."CreatedAt0", t2."CreatedBy", t2."DeletedAt0", t2."Email", t2."Gender", t2."IsActive", t2."IsDeleted0", t2."LastLoginAt", t2."PasswordHash", t2."Role", t2."Username", t2."Id1", t2."CreatedAt1", t2."CreatedBy0", t2."DeletedAt1", t2."Description", t2."IsDeleted1", t2."Name", t2."StandardLeaveCount", t2."UpdatedAt0", t2."UpdatedBy", t2."Id2", t2."CreatedAt2", t2."CreatedBy1", t2."DeletedAt2", t2."Email0", t2."Gender0", t2."IsActive0", t2."IsDeleted2", t2."LastLoginAt0", t2."PasswordHash0", t2."Role0", t2."Username0", t3."Id", t3."DeletedAt", t3."FileContent", t3."FileName", t3."IsDeleted", t3."LeaveRequestId", t3."UploadedAt"
FROM (
    SELECT l."Id", l."CreatedAt", l."DeletedAt", l."EndDate", l."IsDeleted", l."LeaveTypeId", l."Reason", l."ReviewedById", l."StartDate", l."Status", l."UpdatedAt", l."UserId", t."Id" AS "Id0", t."CreatedAt" AS "CreatedAt0", t."CreatedBy", t."DeletedAt" AS "DeletedAt0", t."Email", t."Gender", t."IsActive", t."IsDeleted" AS "IsDeleted0", t."LastLoginAt", t."PasswordHash", t."Role", t."Username", t0."Id" AS "Id1", t0."CreatedAt" AS "CreatedAt1", t0."CreatedBy" AS "CreatedBy0", t0."DeletedAt" AS "DeletedAt1", t0."Description", t0."IsDeleted" AS "IsDeleted1", t0."Name", t0."StandardLeaveCount", t0."UpdatedAt" AS "UpdatedAt0", t0."UpdatedBy", t1."Id" AS "Id2", t1."CreatedAt" AS "CreatedAt2", t1."CreatedBy" AS "CreatedBy1", t1."DeletedAt" AS "DeletedAt2", t1."Email" AS "Email0", t1."Gender" AS "Gender0", t1."IsActive" AS "IsActive0", t1."IsDeleted" AS "IsDeleted2", t1."LastLoginAt" AS "LastLoginAt0", t1."PasswordHash" AS "PasswordHash0", t1."Role" AS "Role0", t1."Username" AS "Username0"
    FROM "LeaveRequests" AS l
    INNER JOIN (
        SELECT u."Id", u."CreatedAt", u."CreatedBy", u."DeletedAt", u."Email", u."Gender", u."IsActive", u."IsDeleted", u."LastLoginAt", u."PasswordHash", u."Role", u."Username"
        FROM "Users" AS u
        WHERE NOT (u."IsDeleted")
    ) AS t ON l."UserId" = t."Id"
    INNER JOIN (
        SELECT l0."Id", l0."CreatedAt", l0."CreatedBy", l0."DeletedAt", l0."Description", l0."IsDeleted", l0."Name", l0."StandardLeaveCount", l0."UpdatedAt", l0."UpdatedBy"
        FROM "LeaveTypes" AS l0
        WHERE NOT (l0."IsDeleted")
    ) AS t0 ON l."LeaveTypeId" = t0."Id"
    LEFT JOIN (
        SELECT u0."Id", u0."CreatedAt", u0."CreatedBy", u0."DeletedAt", u0."Email", u0."Gender", u0."IsActive", u0."IsDeleted", u0."LastLoginAt", u0."PasswordHash", u0."Role", u0."Username"
        FROM "Users" AS u0
        WHERE NOT (u0."IsDeleted")
    ) AS t1 ON l."ReviewedById" = t1."Id"
    WHERE NOT (l."IsDeleted") AND l."Id" = @__key_0
    LIMIT 1
) AS t2
LEFT JOIN (
    SELECT l1."Id", l1."DeletedAt", l1."FileContent", l1."FileName", l1."IsDeleted", l1."LeaveRequestId", l1."UploadedAt"
    FROM "LeaveAttachments" AS l1
    WHERE NOT (l1."IsDeleted")
) AS t3 ON t2."Id" = t3."LeaveRequestId"
ORDER BY t2."Id", t2."Id0", t2."Id1", t2."Id2"
2025-07-29 17:07:34,141 [.NET TP Worker] INFO  Microsoft.EntityFrameworkCore.Database.Command - Executed DbCommand (3ms) [Parameters=[@p3='?' (DbType = Guid), @p0='?' (DbType = Guid), @p1='?', @p2='?' (DbType = DateTime)], CommandType='Text', CommandTimeout='30']
UPDATE "LeaveRequests" SET "ReviewedById" = @p0, "Status" = @p1, "UpdatedAt" = @p2
WHERE "Id" = @p3;
2025-07-29 17:07:34,146 [.NET TP Worker] INFO  Microsoft.EntityFrameworkCore.Database.Command - Executed DbCommand (1ms) [Parameters=[@p0='?' (DbType = Guid), @p1='?', @p2='?' (DbType = DateTime), @p3='?' (DbType = Guid), @p4='?', @p5='?' (DbType = Boolean), @p6='?' (DbType = DateTime), @p7='?' (DbType = Guid)], CommandType='Text', CommandTimeout='30']
INSERT INTO "AuditLogs" ("Id", "Action", "DeletedAt", "EntityId", "EntityType", "IsDeleted", "Timestamp", "UserId")
VALUES (@p0, @p1, @p2, @p3, @p4, @p5, @p6, @p7);
2025-07-29 17:07:34,150 [.NET TP Worker] INFO  Microsoft.EntityFrameworkCore.Database.Command - Executed DbCommand (2ms) [Parameters=[@__key_0='?' (DbType = Guid)], CommandType='Text', CommandTimeout='30']
SELECT t."Id", t."CreatedAt", t."CreatedBy", t."DeletedAt", t."Email", t."Gender", t."IsActive", t."IsDeleted", t."LastLoginAt", t."PasswordHash", t."Role", t."Username", t0."Id", t0."LeaveTypeId", t0."TotalLeaves", t0."UsedLeaves", t0."UserId", t0."Id0", t0."CreatedAt", t0."CreatedBy", t0."DeletedAt", t0."Description", t0."IsDeleted", t0."Name", t0."StandardLeaveCount", t0."UpdatedAt", t0."UpdatedBy", t2."Id", t2."CreatedAt", t2."DeletedAt", t2."EndDate", t2."IsDeleted", t2."LeaveTypeId", t2."Reason", t2."ReviewedById", t2."StartDate", t2."Status", t2."UpdatedAt", t2."UserId", t2."Id0", t2."CreatedAt0", t2."CreatedBy", t2."DeletedAt0", t2."Description", t2."IsDeleted0", t2."Name", t2."StandardLeaveCount", t2."UpdatedAt0", t2."UpdatedBy", t2."Id1", t2."CreatedAt1", t2."CreatedBy0", t2."DeletedAt1", t2."Email", t2."Gender", t2."IsActive", t2."IsDeleted1", t2."LastLoginAt", t2."PasswordHash", t2."Role", t2."Username"
FROM (
    SELECT u."Id", u."CreatedAt", u."CreatedBy", u."DeletedAt", u."Email", u."Gender", u."IsActive", u."IsDeleted", u."LastLoginAt", u."PasswordHash", u."Role", u."Username"
    FROM "Users" AS u
    WHERE NOT (u."IsDeleted") AND u."Id" = @__key_0 AND NOT (u."IsDeleted")
    LIMIT 1
) AS t
LEFT JOIN (
    SELECT l."Id", l."LeaveTypeId", l."TotalLeaves", l."UsedLeaves", l."UserId", t1."Id" AS "Id0", t1."CreatedAt", t1."CreatedBy", t1."DeletedAt", t1."Description", t1."IsDeleted", t1."Name", t1."StandardLeaveCount", t1."UpdatedAt", t1."UpdatedBy"
    FROM "LeaveBalances" AS l
    INNER JOIN (
        SELECT l0."Id", l0."CreatedAt", l0."CreatedBy", l0."DeletedAt", l0."Description", l0."IsDeleted", l0."Name", l0."StandardLeaveCount", l0."UpdatedAt", l0."UpdatedBy"
        FROM "LeaveTypes" AS l0
        WHERE NOT (l0."IsDeleted")
    ) AS t1 ON l."LeaveTypeId" = t1."Id"
) AS t0 ON t."Id" = t0."UserId"
LEFT JOIN (
    SELECT l1."Id", l1."CreatedAt", l1."DeletedAt", l1."EndDate", l1."IsDeleted", l1."LeaveTypeId", l1."Reason", l1."ReviewedById", l1."StartDate", l1."Status", l1."UpdatedAt", l1."UserId", t3."Id" AS "Id0", t3."CreatedAt" AS "CreatedAt0", t3."CreatedBy", t3."DeletedAt" AS "DeletedAt0", t3."Description", t3."IsDeleted" AS "IsDeleted0", t3."Name", t3."StandardLeaveCount", t3."UpdatedAt" AS "UpdatedAt0", t3."UpdatedBy", t4."Id" AS "Id1", t4."CreatedAt" AS "CreatedAt1", t4."CreatedBy" AS "CreatedBy0", t4."DeletedAt" AS "DeletedAt1", t4."Email", t4."Gender", t4."IsActive", t4."IsDeleted" AS "IsDeleted1", t4."LastLoginAt", t4."PasswordHash", t4."Role", t4."Username"
    FROM "LeaveRequests" AS l1
    INNER JOIN (
        SELECT l2."Id", l2."CreatedAt", l2."CreatedBy", l2."DeletedAt", l2."Description", l2."IsDeleted", l2."Name", l2."StandardLeaveCount", l2."UpdatedAt", l2."UpdatedBy"
        FROM "LeaveTypes" AS l2
        WHERE NOT (l2."IsDeleted")
    ) AS t3 ON l1."LeaveTypeId" = t3."Id"
    LEFT JOIN (
        SELECT u0."Id", u0."CreatedAt", u0."CreatedBy", u0."DeletedAt", u0."Email", u0."Gender", u0."IsActive", u0."IsDeleted", u0."LastLoginAt", u0."PasswordHash", u0."Role", u0."Username"
        FROM "Users" AS u0
        WHERE NOT (u0."IsDeleted")
    ) AS t4 ON l1."ReviewedById" = t4."Id"
    WHERE NOT (l1."IsDeleted")
) AS t2 ON t."Id" = t2."UserId"
ORDER BY t."Id", t0."Id", t0."Id0", t2."Id", t2."Id0"
2025-07-29 17:07:34,153 [.NET TP Worker] INFO  Microsoft.EntityFrameworkCore.Database.Command - Executed DbCommand (1ms) [Parameters=[@p0='?' (DbType = Guid), @p1='?' (DbType = DateTime), @p2='?' (DbType = DateTime), @p3='?' (DbType = Boolean), @p4='?' (DbType = Boolean), @p5='?', @p6='?' (DbType = DateTime), @p7='?' (DbType = Guid), @p8='?' (DbType = Guid)], CommandType='Text', CommandTimeout='30']
INSERT INTO "Notifications" ("Id", "CreatedAt", "DeletedAt", "IsDeleted", "IsRead", "Message", "ReadAt", "RecipientId", "ReviewedById")
VALUES (@p0, @p1, @p2, @p3, @p4, @p5, @p6, @p7, @p8);
2025-07-29 17:07:34,157 [.NET TP Worker] INFO  Microsoft.EntityFrameworkCore.Database.Command - Executed DbCommand (0ms) [Parameters=[], CommandType='Text', CommandTimeout='30']
SELECT u."Id", u."CreatedAt", u."CreatedBy", u."DeletedAt", u."Email", u."Gender", u."IsActive", u."IsDeleted", u."LastLoginAt", u."PasswordHash", u."Role", u."Username"
FROM "Users" AS u
WHERE NOT (u."IsDeleted")
2025-07-29 17:07:34,162 [.NET TP Worker] INFO  Microsoft.EntityFrameworkCore.Database.Command - Executed DbCommand (2ms) [Parameters=[@__key_0='?' (DbType = Guid)], CommandType='Text', CommandTimeout='30']
SELECT t."Id", t."CreatedAt", t."CreatedBy", t."DeletedAt", t."Email", t."Gender", t."IsActive", t."IsDeleted", t."LastLoginAt", t."PasswordHash", t."Role", t."Username", t0."Id", t0."LeaveTypeId", t0."TotalLeaves", t0."UsedLeaves", t0."UserId", t0."Id0", t0."CreatedAt", t0."CreatedBy", t0."DeletedAt", t0."Description", t0."IsDeleted", t0."Name", t0."StandardLeaveCount", t0."UpdatedAt", t0."UpdatedBy", t2."Id", t2."CreatedAt", t2."DeletedAt", t2."EndDate", t2."IsDeleted", t2."LeaveTypeId", t2."Reason", t2."ReviewedById", t2."StartDate", t2."Status", t2."UpdatedAt", t2."UserId", t2."Id0", t2."CreatedAt0", t2."CreatedBy", t2."DeletedAt0", t2."Description", t2."IsDeleted0", t2."Name", t2."StandardLeaveCount", t2."UpdatedAt0", t2."UpdatedBy", t2."Id1", t2."CreatedAt1", t2."CreatedBy0", t2."DeletedAt1", t2."Email", t2."Gender", t2."IsActive", t2."IsDeleted1", t2."LastLoginAt", t2."PasswordHash", t2."Role", t2."Username"
FROM (
    SELECT u."Id", u."CreatedAt", u."CreatedBy", u."DeletedAt", u."Email", u."Gender", u."IsActive", u."IsDeleted", u."LastLoginAt", u."PasswordHash", u."Role", u."Username"
    FROM "Users" AS u
    WHERE NOT (u."IsDeleted") AND u."Id" = @__key_0 AND NOT (u."IsDeleted")
    LIMIT 1
) AS t
LEFT JOIN (
    SELECT l."Id", l."LeaveTypeId", l."TotalLeaves", l."UsedLeaves", l."UserId", t1."Id" AS "Id0", t1."CreatedAt", t1."CreatedBy", t1."DeletedAt", t1."Description", t1."IsDeleted", t1."Name", t1."StandardLeaveCount", t1."UpdatedAt", t1."UpdatedBy"
    FROM "LeaveBalances" AS l
    INNER JOIN (
        SELECT l0."Id", l0."CreatedAt", l0."CreatedBy", l0."DeletedAt", l0."Description", l0."IsDeleted", l0."Name", l0."StandardLeaveCount", l0."UpdatedAt", l0."UpdatedBy"
        FROM "LeaveTypes" AS l0
        WHERE NOT (l0."IsDeleted")
    ) AS t1 ON l."LeaveTypeId" = t1."Id"
) AS t0 ON t."Id" = t0."UserId"
LEFT JOIN (
    SELECT l1."Id", l1."CreatedAt", l1."DeletedAt", l1."EndDate", l1."IsDeleted", l1."LeaveTypeId", l1."Reason", l1."ReviewedById", l1."StartDate", l1."Status", l1."UpdatedAt", l1."UserId", t3."Id" AS "Id0", t3."CreatedAt" AS "CreatedAt0", t3."CreatedBy", t3."DeletedAt" AS "DeletedAt0", t3."Description", t3."IsDeleted" AS "IsDeleted0", t3."Name", t3."StandardLeaveCount", t3."UpdatedAt" AS "UpdatedAt0", t3."UpdatedBy", t4."Id" AS "Id1", t4."CreatedAt" AS "CreatedAt1", t4."CreatedBy" AS "CreatedBy0", t4."DeletedAt" AS "DeletedAt1", t4."Email", t4."Gender", t4."IsActive", t4."IsDeleted" AS "IsDeleted1", t4."LastLoginAt", t4."PasswordHash", t4."Role", t4."Username"
    FROM "LeaveRequests" AS l1
    INNER JOIN (
        SELECT l2."Id", l2."CreatedAt", l2."CreatedBy", l2."DeletedAt", l2."Description", l2."IsDeleted", l2."Name", l2."StandardLeaveCount", l2."UpdatedAt", l2."UpdatedBy"
        FROM "LeaveTypes" AS l2
        WHERE NOT (l2."IsDeleted")
    ) AS t3 ON l1."LeaveTypeId" = t3."Id"
    LEFT JOIN (
        SELECT u0."Id", u0."CreatedAt", u0."CreatedBy", u0."DeletedAt", u0."Email", u0."Gender", u0."IsActive", u0."IsDeleted", u0."LastLoginAt", u0."PasswordHash", u0."Role", u0."Username"
        FROM "Users" AS u0
        WHERE NOT (u0."IsDeleted")
    ) AS t4 ON l1."ReviewedById" = t4."Id"
    WHERE NOT (l1."IsDeleted")
) AS t2 ON t."Id" = t2."UserId"
ORDER BY t."Id", t0."Id", t0."Id0", t2."Id", t2."Id0"
2025-07-29 17:07:34,164 [.NET TP Worker] INFO  Microsoft.EntityFrameworkCore.Database.Command - Executed DbCommand (2ms) [Parameters=[@__key_0='?' (DbType = Guid)], CommandType='Text', CommandTimeout='30']
SELECT t."Id", t."CreatedAt", t."CreatedBy", t."DeletedAt", t."Email", t."Gender", t."IsActive", t."IsDeleted", t."LastLoginAt", t."PasswordHash", t."Role", t."Username", t0."Id", t0."LeaveTypeId", t0."TotalLeaves", t0."UsedLeaves", t0."UserId", t0."Id0", t0."CreatedAt", t0."CreatedBy", t0."DeletedAt", t0."Description", t0."IsDeleted", t0."Name", t0."StandardLeaveCount", t0."UpdatedAt", t0."UpdatedBy", t2."Id", t2."CreatedAt", t2."DeletedAt", t2."EndDate", t2."IsDeleted", t2."LeaveTypeId", t2."Reason", t2."ReviewedById", t2."StartDate", t2."Status", t2."UpdatedAt", t2."UserId", t2."Id0", t2."CreatedAt0", t2."CreatedBy", t2."DeletedAt0", t2."Description", t2."IsDeleted0", t2."Name", t2."StandardLeaveCount", t2."UpdatedAt0", t2."UpdatedBy", t2."Id1", t2."CreatedAt1", t2."CreatedBy0", t2."DeletedAt1", t2."Email", t2."Gender", t2."IsActive", t2."IsDeleted1", t2."LastLoginAt", t2."PasswordHash", t2."Role", t2."Username"
FROM (
    SELECT u."Id", u."CreatedAt", u."CreatedBy", u."DeletedAt", u."Email", u."Gender", u."IsActive", u."IsDeleted", u."LastLoginAt", u."PasswordHash", u."Role", u."Username"
    FROM "Users" AS u
    WHERE NOT (u."IsDeleted") AND u."Id" = @__key_0 AND NOT (u."IsDeleted")
    LIMIT 1
) AS t
LEFT JOIN (
    SELECT l."Id", l."LeaveTypeId", l."TotalLeaves", l."UsedLeaves", l."UserId", t1."Id" AS "Id0", t1."CreatedAt", t1."CreatedBy", t1."DeletedAt", t1."Description", t1."IsDeleted", t1."Name", t1."StandardLeaveCount", t1."UpdatedAt", t1."UpdatedBy"
    FROM "LeaveBalances" AS l
    INNER JOIN (
        SELECT l0."Id", l0."CreatedAt", l0."CreatedBy", l0."DeletedAt", l0."Description", l0."IsDeleted", l0."Name", l0."StandardLeaveCount", l0."UpdatedAt", l0."UpdatedBy"
        FROM "LeaveTypes" AS l0
        WHERE NOT (l0."IsDeleted")
    ) AS t1 ON l."LeaveTypeId" = t1."Id"
) AS t0 ON t."Id" = t0."UserId"
LEFT JOIN (
    SELECT l1."Id", l1."CreatedAt", l1."DeletedAt", l1."EndDate", l1."IsDeleted", l1."LeaveTypeId", l1."Reason", l1."ReviewedById", l1."StartDate", l1."Status", l1."UpdatedAt", l1."UserId", t3."Id" AS "Id0", t3."CreatedAt" AS "CreatedAt0", t3."CreatedBy", t3."DeletedAt" AS "DeletedAt0", t3."Description", t3."IsDeleted" AS "IsDeleted0", t3."Name", t3."StandardLeaveCount", t3."UpdatedAt" AS "UpdatedAt0", t3."UpdatedBy", t4."Id" AS "Id1", t4."CreatedAt" AS "CreatedAt1", t4."CreatedBy" AS "CreatedBy0", t4."DeletedAt" AS "DeletedAt1", t4."Email", t4."Gender", t4."IsActive", t4."IsDeleted" AS "IsDeleted1", t4."LastLoginAt", t4."PasswordHash", t4."Role", t4."Username"
    FROM "LeaveRequests" AS l1
    INNER JOIN (
        SELECT l2."Id", l2."CreatedAt", l2."CreatedBy", l2."DeletedAt", l2."Description", l2."IsDeleted", l2."Name", l2."StandardLeaveCount", l2."UpdatedAt", l2."UpdatedBy"
        FROM "LeaveTypes" AS l2
        WHERE NOT (l2."IsDeleted")
    ) AS t3 ON l1."LeaveTypeId" = t3."Id"
    LEFT JOIN (
        SELECT u0."Id", u0."CreatedAt", u0."CreatedBy", u0."DeletedAt", u0."Email", u0."Gender", u0."IsActive", u0."IsDeleted", u0."LastLoginAt", u0."PasswordHash", u0."Role", u0."Username"
        FROM "Users" AS u0
        WHERE NOT (u0."IsDeleted")
    ) AS t4 ON l1."ReviewedById" = t4."Id"
    WHERE NOT (l1."IsDeleted")
) AS t2 ON t."Id" = t2."UserId"
ORDER BY t."Id", t0."Id", t0."Id0", t2."Id", t2."Id0"
2025-07-29 17:07:34,166 [.NET TP Worker] INFO  Microsoft.EntityFrameworkCore.Database.Command - Executed DbCommand (1ms) [Parameters=[@p0='?' (DbType = Guid), @p1='?' (DbType = DateTime), @p2='?' (DbType = DateTime), @p3='?' (DbType = Boolean), @p4='?' (DbType = Boolean), @p5='?', @p6='?' (DbType = DateTime), @p7='?' (DbType = Guid), @p8='?' (DbType = Guid)], CommandType='Text', CommandTimeout='30']
INSERT INTO "Notifications" ("Id", "CreatedAt", "DeletedAt", "IsDeleted", "IsRead", "Message", "ReadAt", "RecipientId", "ReviewedById")
VALUES (@p0, @p1, @p2, @p3, @p4, @p5, @p6, @p7, @p8);
2025-07-29 17:07:34,171 [.NET TP Worker] INFO  LeaveManagementSystem.Middlewares.ExceptionHandlingMiddleware - [Incoming Request] Timestamp: 2025-07-29T11:37:34.1713850Z, Method: GET, Path: /api/v1/leave-requests/fb3a7848-ea3c-4df3-8400-64c012a0d8e6, User: Roopan
2025-07-29 17:07:34,171 [.NET TP Worker] INFO  LeaveManagementSystem.Controllers.LeaveRequestController - Fetching leave request with ID: fb3a7848-ea3c-4df3-8400-64c012a0d8e6
2025-07-29 17:07:34,173 [.NET TP Worker] INFO  Microsoft.EntityFrameworkCore.Database.Command - Executed DbCommand (1ms) [Parameters=[@__key_0='?' (DbType = Guid)], CommandType='Text', CommandTimeout='30']
SELECT t2."Id", t2."CreatedAt", t2."DeletedAt", t2."EndDate", t2."IsDeleted", t2."LeaveTypeId", t2."Reason", t2."ReviewedById", t2."StartDate", t2."Status", t2."UpdatedAt", t2."UserId", t2."Id0", t2."CreatedAt0", t2."CreatedBy", t2."DeletedAt0", t2."Email", t2."Gender", t2."IsActive", t2."IsDeleted0", t2."LastLoginAt", t2."PasswordHash", t2."Role", t2."Username", t2."Id1", t2."CreatedAt1", t2."CreatedBy0", t2."DeletedAt1", t2."Description", t2."IsDeleted1", t2."Name", t2."StandardLeaveCount", t2."UpdatedAt0", t2."UpdatedBy", t2."Id2", t2."CreatedAt2", t2."CreatedBy1", t2."DeletedAt2", t2."Email0", t2."Gender0", t2."IsActive0", t2."IsDeleted2", t2."LastLoginAt0", t2."PasswordHash0", t2."Role0", t2."Username0", t3."Id", t3."DeletedAt", t3."FileContent", t3."FileName", t3."IsDeleted", t3."LeaveRequestId", t3."UploadedAt"
FROM (
    SELECT l."Id", l."CreatedAt", l."DeletedAt", l."EndDate", l."IsDeleted", l."LeaveTypeId", l."Reason", l."ReviewedById", l."StartDate", l."Status", l."UpdatedAt", l."UserId", t."Id" AS "Id0", t."CreatedAt" AS "CreatedAt0", t."CreatedBy", t."DeletedAt" AS "DeletedAt0", t."Email", t."Gender", t."IsActive", t."IsDeleted" AS "IsDeleted0", t."LastLoginAt", t."PasswordHash", t."Role", t."Username", t0."Id" AS "Id1", t0."CreatedAt" AS "CreatedAt1", t0."CreatedBy" AS "CreatedBy0", t0."DeletedAt" AS "DeletedAt1", t0."Description", t0."IsDeleted" AS "IsDeleted1", t0."Name", t0."StandardLeaveCount", t0."UpdatedAt" AS "UpdatedAt0", t0."UpdatedBy", t1."Id" AS "Id2", t1."CreatedAt" AS "CreatedAt2", t1."CreatedBy" AS "CreatedBy1", t1."DeletedAt" AS "DeletedAt2", t1."Email" AS "Email0", t1."Gender" AS "Gender0", t1."IsActive" AS "IsActive0", t1."IsDeleted" AS "IsDeleted2", t1."LastLoginAt" AS "LastLoginAt0", t1."PasswordHash" AS "PasswordHash0", t1."Role" AS "Role0", t1."Username" AS "Username0"
    FROM "LeaveRequests" AS l
    INNER JOIN (
        SELECT u."Id", u."CreatedAt", u."CreatedBy", u."DeletedAt", u."Email", u."Gender", u."IsActive", u."IsDeleted", u."LastLoginAt", u."PasswordHash", u."Role", u."Username"
        FROM "Users" AS u
        WHERE NOT (u."IsDeleted")
    ) AS t ON l."UserId" = t."Id"
    INNER JOIN (
        SELECT l0."Id", l0."CreatedAt", l0."CreatedBy", l0."DeletedAt", l0."Description", l0."IsDeleted", l0."Name", l0."StandardLeaveCount", l0."UpdatedAt", l0."UpdatedBy"
        FROM "LeaveTypes" AS l0
        WHERE NOT (l0."IsDeleted")
    ) AS t0 ON l."LeaveTypeId" = t0."Id"
    LEFT JOIN (
        SELECT u0."Id", u0."CreatedAt", u0."CreatedBy", u0."DeletedAt", u0."Email", u0."Gender", u0."IsActive", u0."IsDeleted", u0."LastLoginAt", u0."PasswordHash", u0."Role", u0."Username"
        FROM "Users" AS u0
        WHERE NOT (u0."IsDeleted")
    ) AS t1 ON l."ReviewedById" = t1."Id"
    WHERE NOT (l."IsDeleted") AND l."Id" = @__key_0
    LIMIT 1
) AS t2
LEFT JOIN (
    SELECT l1."Id", l1."DeletedAt", l1."FileContent", l1."FileName", l1."IsDeleted", l1."LeaveRequestId", l1."UploadedAt"
    FROM "LeaveAttachments" AS l1
    WHERE NOT (l1."IsDeleted")
) AS t3 ON t2."Id" = t3."LeaveRequestId"
ORDER BY t2."Id", t2."Id0", t2."Id1", t2."Id2"
2025-07-29 17:07:39,463 [.NET TP Worker] INFO  LeaveManagementSystem.Middlewares.ExceptionHandlingMiddleware - [Incoming Request] Timestamp: 2025-07-29T11:37:39.4635440Z, Method: GET, Path: /api/v1/leave-requests, User: Roopan
2025-07-29 17:07:39,464 [.NET TP Worker] INFO  LeaveManagementSystem.Controllers.LeaveRequestController - Fetching all leave requests with pagination, search, filter, sort parameters.
2025-07-29 17:07:39,467 [.NET TP Worker] INFO  Microsoft.EntityFrameworkCore.Database.Command - Executed DbCommand (2ms) [Parameters=[], CommandType='Text', CommandTimeout='30']
SELECT l."Id", l."CreatedAt", l."DeletedAt", l."EndDate", l."IsDeleted", l."LeaveTypeId", l."Reason", l."ReviewedById", l."StartDate", l."Status", l."UpdatedAt", l."UserId", t."Id", t."CreatedAt", t."CreatedBy", t."DeletedAt", t."Email", t."Gender", t."IsActive", t."IsDeleted", t."LastLoginAt", t."PasswordHash", t."Role", t."Username", t0."Id", t0."CreatedAt", t0."CreatedBy", t0."DeletedAt", t0."Description", t0."IsDeleted", t0."Name", t0."StandardLeaveCount", t0."UpdatedAt", t0."UpdatedBy", t1."Id", t1."CreatedAt", t1."CreatedBy", t1."DeletedAt", t1."Email", t1."Gender", t1."IsActive", t1."IsDeleted", t1."LastLoginAt", t1."PasswordHash", t1."Role", t1."Username", t2."Id", t2."DeletedAt", t2."FileContent", t2."FileName", t2."IsDeleted", t2."LeaveRequestId", t2."UploadedAt"
FROM "LeaveRequests" AS l
INNER JOIN (
    SELECT u."Id", u."CreatedAt", u."CreatedBy", u."DeletedAt", u."Email", u."Gender", u."IsActive", u."IsDeleted", u."LastLoginAt", u."PasswordHash", u."Role", u."Username"
    FROM "Users" AS u
    WHERE NOT (u."IsDeleted")
) AS t ON l."UserId" = t."Id"
INNER JOIN (
    SELECT l0."Id", l0."CreatedAt", l0."CreatedBy", l0."DeletedAt", l0."Description", l0."IsDeleted", l0."Name", l0."StandardLeaveCount", l0."UpdatedAt", l0."UpdatedBy"
    FROM "LeaveTypes" AS l0
    WHERE NOT (l0."IsDeleted")
) AS t0 ON l."LeaveTypeId" = t0."Id"
LEFT JOIN (
    SELECT u0."Id", u0."CreatedAt", u0."CreatedBy", u0."DeletedAt", u0."Email", u0."Gender", u0."IsActive", u0."IsDeleted", u0."LastLoginAt", u0."PasswordHash", u0."Role", u0."Username"
    FROM "Users" AS u0
    WHERE NOT (u0."IsDeleted")
) AS t1 ON l."ReviewedById" = t1."Id"
LEFT JOIN (
    SELECT l1."Id", l1."DeletedAt", l1."FileContent", l1."FileName", l1."IsDeleted", l1."LeaveRequestId", l1."UploadedAt"
    FROM "LeaveAttachments" AS l1
    WHERE NOT (l1."IsDeleted")
) AS t2 ON l."Id" = t2."LeaveRequestId"
WHERE NOT (l."IsDeleted")
ORDER BY l."Id", t."Id", t0."Id", t1."Id"
2025-07-29 17:07:55,862 [.NET TP Worker] INFO  LeaveManagementSystem.Middlewares.ExceptionHandlingMiddleware - [Incoming Request] Timestamp: 2025-07-29T11:37:55.8624330Z, Method: POST, Path: /api/v1/auth/login, User: Anonymous
2025-07-29 17:07:55,865 [.NET TP Worker] INFO  Microsoft.EntityFrameworkCore.Database.Command - Executed DbCommand (1ms) [Parameters=[], CommandType='Text', CommandTimeout='30']
SELECT u."Id", u."CreatedAt", u."CreatedBy", u."DeletedAt", u."Email", u."Gender", u."IsActive", u."IsDeleted", u."LastLoginAt", u."PasswordHash", u."Role", u."Username"
FROM "Users" AS u
WHERE NOT (u."IsDeleted")
2025-07-29 17:07:56,042 [.NET TP Worker] INFO  Microsoft.EntityFrameworkCore.Database.Command - Executed DbCommand (1ms) [Parameters=[@p0='?' (DbType = Guid), @p1='?' (DbType = DateTime), @p2='?' (DbType = Boolean), @p3='?', @p4='?' (DbType = Guid)], CommandType='Text', CommandTimeout='30']
INSERT INTO "RefreshTokens" ("Id", "ExpiresAt", "IsRevoked", "Token", "UserId")
VALUES (@p0, @p1, @p2, @p3, @p4);
2025-07-29 17:07:56,042 [.NET TP Worker] INFO  LeaveManagementSystem.Services.AuthenticationService - User admin@gmail.com logged in successfully
2025-07-29 17:07:56,042 [.NET TP Worker] INFO  LeaveManagementSystem.Controllers.AuthenticationController - User admin@gmail.com logged in successfully.
2025-07-29 17:07:56,046 [.NET TP Worker] INFO  LeaveManagementSystem.Middlewares.ExceptionHandlingMiddleware - [Incoming Request] Timestamp: 2025-07-29T11:37:56.0463660Z, Method: GET, Path: /api/v1/leave-requests, User: Admin
2025-07-29 17:07:56,046 [.NET TP Worker] INFO  LeaveManagementSystem.Controllers.LeaveRequestController - Fetching all leave requests with pagination, search, filter, sort parameters.
2025-07-29 17:07:56,050 [.NET TP Worker] INFO  Microsoft.EntityFrameworkCore.Database.Command - Executed DbCommand (2ms) [Parameters=[], CommandType='Text', CommandTimeout='30']
SELECT l."Id", l."CreatedAt", l."DeletedAt", l."EndDate", l."IsDeleted", l."LeaveTypeId", l."Reason", l."ReviewedById", l."StartDate", l."Status", l."UpdatedAt", l."UserId", t."Id", t."CreatedAt", t."CreatedBy", t."DeletedAt", t."Email", t."Gender", t."IsActive", t."IsDeleted", t."LastLoginAt", t."PasswordHash", t."Role", t."Username", t0."Id", t0."CreatedAt", t0."CreatedBy", t0."DeletedAt", t0."Description", t0."IsDeleted", t0."Name", t0."StandardLeaveCount", t0."UpdatedAt", t0."UpdatedBy", t1."Id", t1."CreatedAt", t1."CreatedBy", t1."DeletedAt", t1."Email", t1."Gender", t1."IsActive", t1."IsDeleted", t1."LastLoginAt", t1."PasswordHash", t1."Role", t1."Username", t2."Id", t2."DeletedAt", t2."FileContent", t2."FileName", t2."IsDeleted", t2."LeaveRequestId", t2."UploadedAt"
FROM "LeaveRequests" AS l
INNER JOIN (
    SELECT u."Id", u."CreatedAt", u."CreatedBy", u."DeletedAt", u."Email", u."Gender", u."IsActive", u."IsDeleted", u."LastLoginAt", u."PasswordHash", u."Role", u."Username"
    FROM "Users" AS u
    WHERE NOT (u."IsDeleted")
) AS t ON l."UserId" = t."Id"
INNER JOIN (
    SELECT l0."Id", l0."CreatedAt", l0."CreatedBy", l0."DeletedAt", l0."Description", l0."IsDeleted", l0."Name", l0."StandardLeaveCount", l0."UpdatedAt", l0."UpdatedBy"
    FROM "LeaveTypes" AS l0
    WHERE NOT (l0."IsDeleted")
) AS t0 ON l."LeaveTypeId" = t0."Id"
LEFT JOIN (
    SELECT u0."Id", u0."CreatedAt", u0."CreatedBy", u0."DeletedAt", u0."Email", u0."Gender", u0."IsActive", u0."IsDeleted", u0."LastLoginAt", u0."PasswordHash", u0."Role", u0."Username"
    FROM "Users" AS u0
    WHERE NOT (u0."IsDeleted")
) AS t1 ON l."ReviewedById" = t1."Id"
LEFT JOIN (
    SELECT l1."Id", l1."DeletedAt", l1."FileContent", l1."FileName", l1."IsDeleted", l1."LeaveRequestId", l1."UploadedAt"
    FROM "LeaveAttachments" AS l1
    WHERE NOT (l1."IsDeleted")
) AS t2 ON l."Id" = t2."LeaveRequestId"
WHERE NOT (l."IsDeleted")
ORDER BY l."Id", t."Id", t0."Id", t1."Id"
2025-07-29 17:07:56,056 [.NET TP Worker] INFO  LeaveManagementSystem.Middlewares.ExceptionHandlingMiddleware - [Incoming Request] Timestamp: 2025-07-29T11:37:56.0565620Z, Method: GET, Path: /api/v1/leave-requests, User: Admin
2025-07-29 17:07:56,059 [.NET TP Worker] INFO  LeaveManagementSystem.Controllers.LeaveRequestController - Fetching all leave requests with pagination, search, filter, sort parameters.
2025-07-29 17:07:56,062 [.NET TP Worker] INFO  LeaveManagementSystem.Middlewares.ExceptionHandlingMiddleware - [Incoming Request] Timestamp: 2025-07-29T11:37:56.0629320Z, Method: GET, Path: /api/v1/Users, User: Admin
2025-07-29 17:07:56,062 [.NET TP Worker] INFO  LeaveManagementSystem.Middlewares.ExceptionHandlingMiddleware - [Incoming Request] Timestamp: 2025-07-29T11:37:56.0629810Z, Method: GET, Path: /api/v1/leavetypes, User: Admin
2025-07-29 17:07:56,063 [.NET TP Worker] INFO  LeaveManagementSystem.Controllers.LeaveTypeController - Fetching all leave types with pagination.
2025-07-29 17:07:56,063 [.NET TP Worker] INFO  LeaveManagementSystem.Controllers.UsersController - Fetching all users with pagination parameters.
2025-07-29 17:07:56,067 [.NET TP Worker] INFO  Microsoft.EntityFrameworkCore.Database.Command - Executed DbCommand (6ms) [Parameters=[], CommandType='Text', CommandTimeout='30']
SELECT l."Id", l."CreatedAt", l."DeletedAt", l."EndDate", l."IsDeleted", l."LeaveTypeId", l."Reason", l."ReviewedById", l."StartDate", l."Status", l."UpdatedAt", l."UserId", t."Id", t."CreatedAt", t."CreatedBy", t."DeletedAt", t."Email", t."Gender", t."IsActive", t."IsDeleted", t."LastLoginAt", t."PasswordHash", t."Role", t."Username", t0."Id", t0."CreatedAt", t0."CreatedBy", t0."DeletedAt", t0."Description", t0."IsDeleted", t0."Name", t0."StandardLeaveCount", t0."UpdatedAt", t0."UpdatedBy", t1."Id", t1."CreatedAt", t1."CreatedBy", t1."DeletedAt", t1."Email", t1."Gender", t1."IsActive", t1."IsDeleted", t1."LastLoginAt", t1."PasswordHash", t1."Role", t1."Username", t2."Id", t2."DeletedAt", t2."FileContent", t2."FileName", t2."IsDeleted", t2."LeaveRequestId", t2."UploadedAt"
FROM "LeaveRequests" AS l
INNER JOIN (
    SELECT u."Id", u."CreatedAt", u."CreatedBy", u."DeletedAt", u."Email", u."Gender", u."IsActive", u."IsDeleted", u."LastLoginAt", u."PasswordHash", u."Role", u."Username"
    FROM "Users" AS u
    WHERE NOT (u."IsDeleted")
) AS t ON l."UserId" = t."Id"
INNER JOIN (
    SELECT l0."Id", l0."CreatedAt", l0."CreatedBy", l0."DeletedAt", l0."Description", l0."IsDeleted", l0."Name", l0."StandardLeaveCount", l0."UpdatedAt", l0."UpdatedBy"
    FROM "LeaveTypes" AS l0
    WHERE NOT (l0."IsDeleted")
) AS t0 ON l."LeaveTypeId" = t0."Id"
LEFT JOIN (
    SELECT u0."Id", u0."CreatedAt", u0."CreatedBy", u0."DeletedAt", u0."Email", u0."Gender", u0."IsActive", u0."IsDeleted", u0."LastLoginAt", u0."PasswordHash", u0."Role", u0."Username"
    FROM "Users" AS u0
    WHERE NOT (u0."IsDeleted")
) AS t1 ON l."ReviewedById" = t1."Id"
LEFT JOIN (
    SELECT l1."Id", l1."DeletedAt", l1."FileContent", l1."FileName", l1."IsDeleted", l1."LeaveRequestId", l1."UploadedAt"
    FROM "LeaveAttachments" AS l1
    WHERE NOT (l1."IsDeleted")
) AS t2 ON l."Id" = t2."LeaveRequestId"
WHERE NOT (l."IsDeleted")
ORDER BY l."Id", t."Id", t0."Id", t1."Id"
2025-07-29 17:07:56,089 [.NET TP Worker] INFO  Microsoft.EntityFrameworkCore.Database.Command - Executed DbCommand (2ms) [Parameters=[], CommandType='Text', CommandTimeout='30']
SELECT l."Id", l."CreatedAt", l."CreatedBy", l."DeletedAt", l."Description", l."IsDeleted", l."Name", l."StandardLeaveCount", l."UpdatedAt", l."UpdatedBy"
FROM "LeaveTypes" AS l
WHERE NOT (l."IsDeleted")
2025-07-29 17:07:56,089 [.NET TP Worker] INFO  Microsoft.EntityFrameworkCore.Database.Command - Executed DbCommand (2ms) [Parameters=[], CommandType='Text', CommandTimeout='30']
SELECT u."Id", u."CreatedAt", u."CreatedBy", u."DeletedAt", u."Email", u."Gender", u."IsActive", u."IsDeleted", u."LastLoginAt", u."PasswordHash", u."Role", u."Username"
FROM "Users" AS u
WHERE NOT (u."IsDeleted")
2025-07-29 17:07:56,093 [.NET TP Worker] INFO  LeaveManagementSystem.Middlewares.ExceptionHandlingMiddleware - [Incoming Request] Timestamp: 2025-07-29T11:37:56.0930130Z, Method: GET, Path: /api/v1/leavetypes, User: Admin
2025-07-29 17:07:56,093 [.NET TP Worker] INFO  LeaveManagementSystem.Controllers.LeaveTypeController - Fetching all leave types with pagination.
2025-07-29 17:07:56,096 [.NET TP Worker] INFO  Microsoft.EntityFrameworkCore.Database.Command - Executed DbCommand (2ms) [Parameters=[], CommandType='Text', CommandTimeout='30']
SELECT l."Id", l."CreatedAt", l."CreatedBy", l."DeletedAt", l."Description", l."IsDeleted", l."Name", l."StandardLeaveCount", l."UpdatedAt", l."UpdatedBy"
FROM "LeaveTypes" AS l
WHERE NOT (l."IsDeleted")
2025-07-29 17:07:56,111 [.NET TP Worker] INFO  LeaveManagementSystem.Middlewares.ExceptionHandlingMiddleware - [Incoming Request] Timestamp: 2025-07-29T11:37:56.1114480Z, Method: GET, Path: /api/v1/leave-requests, User: Admin
2025-07-29 17:07:56,112 [.NET TP Worker] INFO  LeaveManagementSystem.Controllers.LeaveRequestController - Fetching all leave requests with pagination, search, filter, sort parameters.
2025-07-29 17:07:56,119 [.NET TP Worker] INFO  Microsoft.EntityFrameworkCore.Database.Command - Executed DbCommand (6ms) [Parameters=[], CommandType='Text', CommandTimeout='30']
SELECT l."Id", l."CreatedAt", l."DeletedAt", l."EndDate", l."IsDeleted", l."LeaveTypeId", l."Reason", l."ReviewedById", l."StartDate", l."Status", l."UpdatedAt", l."UserId", t."Id", t."CreatedAt", t."CreatedBy", t."DeletedAt", t."Email", t."Gender", t."IsActive", t."IsDeleted", t."LastLoginAt", t."PasswordHash", t."Role", t."Username", t0."Id", t0."CreatedAt", t0."CreatedBy", t0."DeletedAt", t0."Description", t0."IsDeleted", t0."Name", t0."StandardLeaveCount", t0."UpdatedAt", t0."UpdatedBy", t1."Id", t1."CreatedAt", t1."CreatedBy", t1."DeletedAt", t1."Email", t1."Gender", t1."IsActive", t1."IsDeleted", t1."LastLoginAt", t1."PasswordHash", t1."Role", t1."Username", t2."Id", t2."DeletedAt", t2."FileContent", t2."FileName", t2."IsDeleted", t2."LeaveRequestId", t2."UploadedAt"
FROM "LeaveRequests" AS l
INNER JOIN (
    SELECT u."Id", u."CreatedAt", u."CreatedBy", u."DeletedAt", u."Email", u."Gender", u."IsActive", u."IsDeleted", u."LastLoginAt", u."PasswordHash", u."Role", u."Username"
    FROM "Users" AS u
    WHERE NOT (u."IsDeleted")
) AS t ON l."UserId" = t."Id"
INNER JOIN (
    SELECT l0."Id", l0."CreatedAt", l0."CreatedBy", l0."DeletedAt", l0."Description", l0."IsDeleted", l0."Name", l0."StandardLeaveCount", l0."UpdatedAt", l0."UpdatedBy"
    FROM "LeaveTypes" AS l0
    WHERE NOT (l0."IsDeleted")
) AS t0 ON l."LeaveTypeId" = t0."Id"
LEFT JOIN (
    SELECT u0."Id", u0."CreatedAt", u0."CreatedBy", u0."DeletedAt", u0."Email", u0."Gender", u0."IsActive", u0."IsDeleted", u0."LastLoginAt", u0."PasswordHash", u0."Role", u0."Username"
    FROM "Users" AS u0
    WHERE NOT (u0."IsDeleted")
) AS t1 ON l."ReviewedById" = t1."Id"
LEFT JOIN (
    SELECT l1."Id", l1."DeletedAt", l1."FileContent", l1."FileName", l1."IsDeleted", l1."LeaveRequestId", l1."UploadedAt"
    FROM "LeaveAttachments" AS l1
    WHERE NOT (l1."IsDeleted")
) AS t2 ON l."Id" = t2."LeaveRequestId"
WHERE NOT (l."IsDeleted")
ORDER BY l."Id", t."Id", t0."Id", t1."Id"
2025-07-29 17:08:06,788 [.NET TP Worker] INFO  LeaveManagementSystem.Middlewares.ExceptionHandlingMiddleware - [Incoming Request] Timestamp: 2025-07-29T11:38:06.7887680Z, Method: GET, Path: /api/v1/leave-requests, User: Admin
2025-07-29 17:08:06,789 [.NET TP Worker] INFO  LeaveManagementSystem.Controllers.LeaveRequestController - Fetching all leave requests with pagination, search, filter, sort parameters.
2025-07-29 17:08:06,799 [.NET TP Worker] INFO  Microsoft.EntityFrameworkCore.Database.Command - Executed DbCommand (9ms) [Parameters=[], CommandType='Text', CommandTimeout='30']
SELECT l."Id", l."CreatedAt", l."DeletedAt", l."EndDate", l."IsDeleted", l."LeaveTypeId", l."Reason", l."ReviewedById", l."StartDate", l."Status", l."UpdatedAt", l."UserId", t."Id", t."CreatedAt", t."CreatedBy", t."DeletedAt", t."Email", t."Gender", t."IsActive", t."IsDeleted", t."LastLoginAt", t."PasswordHash", t."Role", t."Username", t0."Id", t0."CreatedAt", t0."CreatedBy", t0."DeletedAt", t0."Description", t0."IsDeleted", t0."Name", t0."StandardLeaveCount", t0."UpdatedAt", t0."UpdatedBy", t1."Id", t1."CreatedAt", t1."CreatedBy", t1."DeletedAt", t1."Email", t1."Gender", t1."IsActive", t1."IsDeleted", t1."LastLoginAt", t1."PasswordHash", t1."Role", t1."Username", t2."Id", t2."DeletedAt", t2."FileContent", t2."FileName", t2."IsDeleted", t2."LeaveRequestId", t2."UploadedAt"
FROM "LeaveRequests" AS l
INNER JOIN (
    SELECT u."Id", u."CreatedAt", u."CreatedBy", u."DeletedAt", u."Email", u."Gender", u."IsActive", u."IsDeleted", u."LastLoginAt", u."PasswordHash", u."Role", u."Username"
    FROM "Users" AS u
    WHERE NOT (u."IsDeleted")
) AS t ON l."UserId" = t."Id"
INNER JOIN (
    SELECT l0."Id", l0."CreatedAt", l0."CreatedBy", l0."DeletedAt", l0."Description", l0."IsDeleted", l0."Name", l0."StandardLeaveCount", l0."UpdatedAt", l0."UpdatedBy"
    FROM "LeaveTypes" AS l0
    WHERE NOT (l0."IsDeleted")
) AS t0 ON l."LeaveTypeId" = t0."Id"
LEFT JOIN (
    SELECT u0."Id", u0."CreatedAt", u0."CreatedBy", u0."DeletedAt", u0."Email", u0."Gender", u0."IsActive", u0."IsDeleted", u0."LastLoginAt", u0."PasswordHash", u0."Role", u0."Username"
    FROM "Users" AS u0
    WHERE NOT (u0."IsDeleted")
) AS t1 ON l."ReviewedById" = t1."Id"
LEFT JOIN (
    SELECT l1."Id", l1."DeletedAt", l1."FileContent", l1."FileName", l1."IsDeleted", l1."LeaveRequestId", l1."UploadedAt"
    FROM "LeaveAttachments" AS l1
    WHERE NOT (l1."IsDeleted")
) AS t2 ON l."Id" = t2."LeaveRequestId"
WHERE NOT (l."IsDeleted")
ORDER BY l."Id", t."Id", t0."Id", t1."Id"
2025-07-29 17:08:15,238 [.NET TP Worker] INFO  LeaveManagementSystem.Middlewares.ExceptionHandlingMiddleware - [Incoming Request] Timestamp: 2025-07-29T11:38:15.2381890Z, Method: GET, Path: /api/v1/leave-requests/fb3a7848-ea3c-4df3-8400-64c012a0d8e6, User: Admin
2025-07-29 17:08:15,239 [.NET TP Worker] INFO  LeaveManagementSystem.Controllers.LeaveRequestController - Fetching leave request with ID: fb3a7848-ea3c-4df3-8400-64c012a0d8e6
2025-07-29 17:08:15,242 [.NET TP Worker] INFO  Microsoft.EntityFrameworkCore.Database.Command - Executed DbCommand (2ms) [Parameters=[@__key_0='?' (DbType = Guid)], CommandType='Text', CommandTimeout='30']
SELECT t2."Id", t2."CreatedAt", t2."DeletedAt", t2."EndDate", t2."IsDeleted", t2."LeaveTypeId", t2."Reason", t2."ReviewedById", t2."StartDate", t2."Status", t2."UpdatedAt", t2."UserId", t2."Id0", t2."CreatedAt0", t2."CreatedBy", t2."DeletedAt0", t2."Email", t2."Gender", t2."IsActive", t2."IsDeleted0", t2."LastLoginAt", t2."PasswordHash", t2."Role", t2."Username", t2."Id1", t2."CreatedAt1", t2."CreatedBy0", t2."DeletedAt1", t2."Description", t2."IsDeleted1", t2."Name", t2."StandardLeaveCount", t2."UpdatedAt0", t2."UpdatedBy", t2."Id2", t2."CreatedAt2", t2."CreatedBy1", t2."DeletedAt2", t2."Email0", t2."Gender0", t2."IsActive0", t2."IsDeleted2", t2."LastLoginAt0", t2."PasswordHash0", t2."Role0", t2."Username0", t3."Id", t3."DeletedAt", t3."FileContent", t3."FileName", t3."IsDeleted", t3."LeaveRequestId", t3."UploadedAt"
FROM (
    SELECT l."Id", l."CreatedAt", l."DeletedAt", l."EndDate", l."IsDeleted", l."LeaveTypeId", l."Reason", l."ReviewedById", l."StartDate", l."Status", l."UpdatedAt", l."UserId", t."Id" AS "Id0", t."CreatedAt" AS "CreatedAt0", t."CreatedBy", t."DeletedAt" AS "DeletedAt0", t."Email", t."Gender", t."IsActive", t."IsDeleted" AS "IsDeleted0", t."LastLoginAt", t."PasswordHash", t."Role", t."Username", t0."Id" AS "Id1", t0."CreatedAt" AS "CreatedAt1", t0."CreatedBy" AS "CreatedBy0", t0."DeletedAt" AS "DeletedAt1", t0."Description", t0."IsDeleted" AS "IsDeleted1", t0."Name", t0."StandardLeaveCount", t0."UpdatedAt" AS "UpdatedAt0", t0."UpdatedBy", t1."Id" AS "Id2", t1."CreatedAt" AS "CreatedAt2", t1."CreatedBy" AS "CreatedBy1", t1."DeletedAt" AS "DeletedAt2", t1."Email" AS "Email0", t1."Gender" AS "Gender0", t1."IsActive" AS "IsActive0", t1."IsDeleted" AS "IsDeleted2", t1."LastLoginAt" AS "LastLoginAt0", t1."PasswordHash" AS "PasswordHash0", t1."Role" AS "Role0", t1."Username" AS "Username0"
    FROM "LeaveRequests" AS l
    INNER JOIN (
        SELECT u."Id", u."CreatedAt", u."CreatedBy", u."DeletedAt", u."Email", u."Gender", u."IsActive", u."IsDeleted", u."LastLoginAt", u."PasswordHash", u."Role", u."Username"
        FROM "Users" AS u
        WHERE NOT (u."IsDeleted")
    ) AS t ON l."UserId" = t."Id"
    INNER JOIN (
        SELECT l0."Id", l0."CreatedAt", l0."CreatedBy", l0."DeletedAt", l0."Description", l0."IsDeleted", l0."Name", l0."StandardLeaveCount", l0."UpdatedAt", l0."UpdatedBy"
        FROM "LeaveTypes" AS l0
        WHERE NOT (l0."IsDeleted")
    ) AS t0 ON l."LeaveTypeId" = t0."Id"
    LEFT JOIN (
        SELECT u0."Id", u0."CreatedAt", u0."CreatedBy", u0."DeletedAt", u0."Email", u0."Gender", u0."IsActive", u0."IsDeleted", u0."LastLoginAt", u0."PasswordHash", u0."Role", u0."Username"
        FROM "Users" AS u0
        WHERE NOT (u0."IsDeleted")
    ) AS t1 ON l."ReviewedById" = t1."Id"
    WHERE NOT (l."IsDeleted") AND l."Id" = @__key_0
    LIMIT 1
) AS t2
LEFT JOIN (
    SELECT l1."Id", l1."DeletedAt", l1."FileContent", l1."FileName", l1."IsDeleted", l1."LeaveRequestId", l1."UploadedAt"
    FROM "LeaveAttachments" AS l1
    WHERE NOT (l1."IsDeleted")
) AS t3 ON t2."Id" = t3."LeaveRequestId"
ORDER BY t2."Id", t2."Id0", t2."Id1", t2."Id2"
2025-07-29 17:08:15,253 [.NET TP Worker] INFO  LeaveManagementSystem.Middlewares.ExceptionHandlingMiddleware - [Incoming Request] Timestamp: 2025-07-29T11:38:15.2535390Z, Method: GET, Path: /api/v1/leave-attachments/by-leave-request/fb3a7848-ea3c-4df3-8400-64c012a0d8e6, User: Admin
2025-07-29 17:08:15,254 [.NET TP Worker] INFO  LeaveManagementSystem.Middlewares.ExceptionHandlingMiddleware - [Incoming Request] Timestamp: 2025-07-29T11:38:15.2542860Z, Method: GET, Path: /api/v1/leave-requests/fb3a7848-ea3c-4df3-8400-64c012a0d8e6/admin-override-comment, User: Admin
2025-07-29 17:08:15,254 [.NET TP Worker] INFO  LeaveManagementSystem.Controllers.LeaveAttachmentController - Fetching attachments for LeaveRequestId: fb3a7848-ea3c-4df3-8400-64c012a0d8e6
2025-07-29 17:08:15,255 [.NET TP Worker] INFO  LeaveManagementSystem.Middlewares.ExceptionHandlingMiddleware - [Incoming Request] Timestamp: 2025-07-29T11:38:15.2556400Z, Method: GET, Path: /api/v1/leave-balance/user/394381f0-2817-4544-90f1-938149322be1/leaveType/0db4c90f-3394-4ad9-a850-a5435d9b2412, User: Admin
2025-07-29 17:08:15,256 [.NET TP Worker] INFO  LeaveManagementSystem.Controllers.LeaveBalanceController - Fetching leave balance for user ID: 394381f0-2817-4544-90f1-938149322be1 and leave type ID: 0db4c90f-3394-4ad9-a850-a5435d9b2412
2025-07-29 17:08:15,257 [.NET TP Worker] INFO  Microsoft.EntityFrameworkCore.Database.Command - Executed DbCommand (2ms) [Parameters=[@__leaveRequestId_0='?' (DbType = Guid)], CommandType='Text', CommandTimeout='30']
SELECT l."Id", l."AdminId", l."Comment", l."CreatedAt", l."LeaveRequestId"
FROM "LeaveRequestComments" AS l
WHERE l."LeaveRequestId" = @__leaveRequestId_0 AND l."AdminId" <> '00000000-0000-0000-0000-000000000000'
ORDER BY l."CreatedAt" DESC
LIMIT 1
2025-07-29 17:08:15,258 [.NET TP Worker] INFO  Microsoft.EntityFrameworkCore.Database.Command - Executed DbCommand (2ms) [Parameters=[@__key_0='?' (DbType = Guid)], CommandType='Text', CommandTimeout='30']
SELECT t2."Id", t2."CreatedAt", t2."DeletedAt", t2."EndDate", t2."IsDeleted", t2."LeaveTypeId", t2."Reason", t2."ReviewedById", t2."StartDate", t2."Status", t2."UpdatedAt", t2."UserId", t2."Id0", t2."CreatedAt0", t2."CreatedBy", t2."DeletedAt0", t2."Email", t2."Gender", t2."IsActive", t2."IsDeleted0", t2."LastLoginAt", t2."PasswordHash", t2."Role", t2."Username", t2."Id1", t2."CreatedAt1", t2."CreatedBy0", t2."DeletedAt1", t2."Description", t2."IsDeleted1", t2."Name", t2."StandardLeaveCount", t2."UpdatedAt0", t2."UpdatedBy", t2."Id2", t2."CreatedAt2", t2."CreatedBy1", t2."DeletedAt2", t2."Email0", t2."Gender0", t2."IsActive0", t2."IsDeleted2", t2."LastLoginAt0", t2."PasswordHash0", t2."Role0", t2."Username0", t3."Id", t3."DeletedAt", t3."FileContent", t3."FileName", t3."IsDeleted", t3."LeaveRequestId", t3."UploadedAt"
FROM (
    SELECT l."Id", l."CreatedAt", l."DeletedAt", l."EndDate", l."IsDeleted", l."LeaveTypeId", l."Reason", l."ReviewedById", l."StartDate", l."Status", l."UpdatedAt", l."UserId", t."Id" AS "Id0", t."CreatedAt" AS "CreatedAt0", t."CreatedBy", t."DeletedAt" AS "DeletedAt0", t."Email", t."Gender", t."IsActive", t."IsDeleted" AS "IsDeleted0", t."LastLoginAt", t."PasswordHash", t."Role", t."Username", t0."Id" AS "Id1", t0."CreatedAt" AS "CreatedAt1", t0."CreatedBy" AS "CreatedBy0", t0."DeletedAt" AS "DeletedAt1", t0."Description", t0."IsDeleted" AS "IsDeleted1", t0."Name", t0."StandardLeaveCount", t0."UpdatedAt" AS "UpdatedAt0", t0."UpdatedBy", t1."Id" AS "Id2", t1."CreatedAt" AS "CreatedAt2", t1."CreatedBy" AS "CreatedBy1", t1."DeletedAt" AS "DeletedAt2", t1."Email" AS "Email0", t1."Gender" AS "Gender0", t1."IsActive" AS "IsActive0", t1."IsDeleted" AS "IsDeleted2", t1."LastLoginAt" AS "LastLoginAt0", t1."PasswordHash" AS "PasswordHash0", t1."Role" AS "Role0", t1."Username" AS "Username0"
    FROM "LeaveRequests" AS l
    INNER JOIN (
        SELECT u."Id", u."CreatedAt", u."CreatedBy", u."DeletedAt", u."Email", u."Gender", u."IsActive", u."IsDeleted", u."LastLoginAt", u."PasswordHash", u."Role", u."Username"
        FROM "Users" AS u
        WHERE NOT (u."IsDeleted")
    ) AS t ON l."UserId" = t."Id"
    INNER JOIN (
        SELECT l0."Id", l0."CreatedAt", l0."CreatedBy", l0."DeletedAt", l0."Description", l0."IsDeleted", l0."Name", l0."StandardLeaveCount", l0."UpdatedAt", l0."UpdatedBy"
        FROM "LeaveTypes" AS l0
        WHERE NOT (l0."IsDeleted")
    ) AS t0 ON l."LeaveTypeId" = t0."Id"
    LEFT JOIN (
        SELECT u0."Id", u0."CreatedAt", u0."CreatedBy", u0."DeletedAt", u0."Email", u0."Gender", u0."IsActive", u0."IsDeleted", u0."LastLoginAt", u0."PasswordHash", u0."Role", u0."Username"
        FROM "Users" AS u0
        WHERE NOT (u0."IsDeleted")
    ) AS t1 ON l."ReviewedById" = t1."Id"
    WHERE NOT (l."IsDeleted") AND l."Id" = @__key_0
    LIMIT 1
) AS t2
LEFT JOIN (
    SELECT l1."Id", l1."DeletedAt", l1."FileContent", l1."FileName", l1."IsDeleted", l1."LeaveRequestId", l1."UploadedAt"
    FROM "LeaveAttachments" AS l1
    WHERE NOT (l1."IsDeleted")
) AS t3 ON t2."Id" = t3."LeaveRequestId"
ORDER BY t2."Id", t2."Id0", t2."Id1", t2."Id2"
2025-07-29 17:08:15,260 [.NET TP Worker] INFO  Microsoft.EntityFrameworkCore.Database.Command - Executed DbCommand (4ms) [Parameters=[@__key_0='?' (DbType = Guid)], CommandType='Text', CommandTimeout='30']
SELECT t."Id", t."CreatedAt", t."CreatedBy", t."DeletedAt", t."Email", t."Gender", t."IsActive", t."IsDeleted", t."LastLoginAt", t."PasswordHash", t."Role", t."Username", t0."Id", t0."LeaveTypeId", t0."TotalLeaves", t0."UsedLeaves", t0."UserId", t0."Id0", t0."CreatedAt", t0."CreatedBy", t0."DeletedAt", t0."Description", t0."IsDeleted", t0."Name", t0."StandardLeaveCount", t0."UpdatedAt", t0."UpdatedBy", t2."Id", t2."CreatedAt", t2."DeletedAt", t2."EndDate", t2."IsDeleted", t2."LeaveTypeId", t2."Reason", t2."ReviewedById", t2."StartDate", t2."Status", t2."UpdatedAt", t2."UserId", t2."Id0", t2."CreatedAt0", t2."CreatedBy", t2."DeletedAt0", t2."Description", t2."IsDeleted0", t2."Name", t2."StandardLeaveCount", t2."UpdatedAt0", t2."UpdatedBy", t2."Id1", t2."CreatedAt1", t2."CreatedBy0", t2."DeletedAt1", t2."Email", t2."Gender", t2."IsActive", t2."IsDeleted1", t2."LastLoginAt", t2."PasswordHash", t2."Role", t2."Username"
FROM (
    SELECT u."Id", u."CreatedAt", u."CreatedBy", u."DeletedAt", u."Email", u."Gender", u."IsActive", u."IsDeleted", u."LastLoginAt", u."PasswordHash", u."Role", u."Username"
    FROM "Users" AS u
    WHERE NOT (u."IsDeleted") AND u."Id" = @__key_0 AND NOT (u."IsDeleted")
    LIMIT 1
) AS t
LEFT JOIN (
    SELECT l."Id", l."LeaveTypeId", l."TotalLeaves", l."UsedLeaves", l."UserId", t1."Id" AS "Id0", t1."CreatedAt", t1."CreatedBy", t1."DeletedAt", t1."Description", t1."IsDeleted", t1."Name", t1."StandardLeaveCount", t1."UpdatedAt", t1."UpdatedBy"
    FROM "LeaveBalances" AS l
    INNER JOIN (
        SELECT l0."Id", l0."CreatedAt", l0."CreatedBy", l0."DeletedAt", l0."Description", l0."IsDeleted", l0."Name", l0."StandardLeaveCount", l0."UpdatedAt", l0."UpdatedBy"
        FROM "LeaveTypes" AS l0
        WHERE NOT (l0."IsDeleted")
    ) AS t1 ON l."LeaveTypeId" = t1."Id"
) AS t0 ON t."Id" = t0."UserId"
LEFT JOIN (
    SELECT l1."Id", l1."CreatedAt", l1."DeletedAt", l1."EndDate", l1."IsDeleted", l1."LeaveTypeId", l1."Reason", l1."ReviewedById", l1."StartDate", l1."Status", l1."UpdatedAt", l1."UserId", t3."Id" AS "Id0", t3."CreatedAt" AS "CreatedAt0", t3."CreatedBy", t3."DeletedAt" AS "DeletedAt0", t3."Description", t3."IsDeleted" AS "IsDeleted0", t3."Name", t3."StandardLeaveCount", t3."UpdatedAt" AS "UpdatedAt0", t3."UpdatedBy", t4."Id" AS "Id1", t4."CreatedAt" AS "CreatedAt1", t4."CreatedBy" AS "CreatedBy0", t4."DeletedAt" AS "DeletedAt1", t4."Email", t4."Gender", t4."IsActive", t4."IsDeleted" AS "IsDeleted1", t4."LastLoginAt", t4."PasswordHash", t4."Role", t4."Username"
    FROM "LeaveRequests" AS l1
    INNER JOIN (
        SELECT l2."Id", l2."CreatedAt", l2."CreatedBy", l2."DeletedAt", l2."Description", l2."IsDeleted", l2."Name", l2."StandardLeaveCount", l2."UpdatedAt", l2."UpdatedBy"
        FROM "LeaveTypes" AS l2
        WHERE NOT (l2."IsDeleted")
    ) AS t3 ON l1."LeaveTypeId" = t3."Id"
    LEFT JOIN (
        SELECT u0."Id", u0."CreatedAt", u0."CreatedBy", u0."DeletedAt", u0."Email", u0."Gender", u0."IsActive", u0."IsDeleted", u0."LastLoginAt", u0."PasswordHash", u0."Role", u0."Username"
        FROM "Users" AS u0
        WHERE NOT (u0."IsDeleted")
    ) AS t4 ON l1."ReviewedById" = t4."Id"
    WHERE NOT (l1."IsDeleted")
) AS t2 ON t."Id" = t2."UserId"
ORDER BY t."Id", t0."Id", t0."Id0", t2."Id", t2."Id0"
2025-07-29 17:08:15,261 [.NET TP Worker] INFO  Microsoft.EntityFrameworkCore.Database.Command - Executed DbCommand (2ms) [Parameters=[], CommandType='Text', CommandTimeout='30']
SELECT l."Id", l."DeletedAt", l."FileContent", l."FileName", l."IsDeleted", l."LeaveRequestId", l."UploadedAt", t."Id", t."CreatedAt", t."DeletedAt", t."EndDate", t."IsDeleted", t."LeaveTypeId", t."Reason", t."ReviewedById", t."StartDate", t."Status", t."UpdatedAt", t."UserId"
FROM "LeaveAttachments" AS l
INNER JOIN (
    SELECT l0."Id", l0."CreatedAt", l0."DeletedAt", l0."EndDate", l0."IsDeleted", l0."LeaveTypeId", l0."Reason", l0."ReviewedById", l0."StartDate", l0."Status", l0."UpdatedAt", l0."UserId"
    FROM "LeaveRequests" AS l0
    WHERE NOT (l0."IsDeleted")
) AS t ON l."LeaveRequestId" = t."Id"
WHERE NOT (l."IsDeleted")
2025-07-29 17:08:15,262 [.NET TP Worker] WARN  LeaveManagementSystem.Controllers.LeaveAttachmentController - No attachments found for LeaveRequestId: fb3a7848-ea3c-4df3-8400-64c012a0d8e6
2025-07-29 17:08:34,006 [.NET TP Worker] INFO  LeaveManagementSystem.Middlewares.ExceptionHandlingMiddleware - [Incoming Request] Timestamp: 2025-07-29T11:38:34.0066650Z, Method: PUT, Path: /api/v1/leave-requests/fb3a7848-ea3c-4df3-8400-64c012a0d8e6/admin-override, User: Admin
2025-07-29 17:08:34,017 [.NET TP Worker] INFO  Microsoft.EntityFrameworkCore.Database.Command - Executed DbCommand (2ms) [Parameters=[@__key_0='?' (DbType = Guid)], CommandType='Text', CommandTimeout='30']
SELECT t2."Id", t2."CreatedAt", t2."DeletedAt", t2."EndDate", t2."IsDeleted", t2."LeaveTypeId", t2."Reason", t2."ReviewedById", t2."StartDate", t2."Status", t2."UpdatedAt", t2."UserId", t2."Id0", t2."CreatedAt0", t2."CreatedBy", t2."DeletedAt0", t2."Email", t2."Gender", t2."IsActive", t2."IsDeleted0", t2."LastLoginAt", t2."PasswordHash", t2."Role", t2."Username", t2."Id1", t2."CreatedAt1", t2."CreatedBy0", t2."DeletedAt1", t2."Description", t2."IsDeleted1", t2."Name", t2."StandardLeaveCount", t2."UpdatedAt0", t2."UpdatedBy", t2."Id2", t2."CreatedAt2", t2."CreatedBy1", t2."DeletedAt2", t2."Email0", t2."Gender0", t2."IsActive0", t2."IsDeleted2", t2."LastLoginAt0", t2."PasswordHash0", t2."Role0", t2."Username0", t3."Id", t3."DeletedAt", t3."FileContent", t3."FileName", t3."IsDeleted", t3."LeaveRequestId", t3."UploadedAt"
FROM (
    SELECT l."Id", l."CreatedAt", l."DeletedAt", l."EndDate", l."IsDeleted", l."LeaveTypeId", l."Reason", l."ReviewedById", l."StartDate", l."Status", l."UpdatedAt", l."UserId", t."Id" AS "Id0", t."CreatedAt" AS "CreatedAt0", t."CreatedBy", t."DeletedAt" AS "DeletedAt0", t."Email", t."Gender", t."IsActive", t."IsDeleted" AS "IsDeleted0", t."LastLoginAt", t."PasswordHash", t."Role", t."Username", t0."Id" AS "Id1", t0."CreatedAt" AS "CreatedAt1", t0."CreatedBy" AS "CreatedBy0", t0."DeletedAt" AS "DeletedAt1", t0."Description", t0."IsDeleted" AS "IsDeleted1", t0."Name", t0."StandardLeaveCount", t0."UpdatedAt" AS "UpdatedAt0", t0."UpdatedBy", t1."Id" AS "Id2", t1."CreatedAt" AS "CreatedAt2", t1."CreatedBy" AS "CreatedBy1", t1."DeletedAt" AS "DeletedAt2", t1."Email" AS "Email0", t1."Gender" AS "Gender0", t1."IsActive" AS "IsActive0", t1."IsDeleted" AS "IsDeleted2", t1."LastLoginAt" AS "LastLoginAt0", t1."PasswordHash" AS "PasswordHash0", t1."Role" AS "Role0", t1."Username" AS "Username0"
    FROM "LeaveRequests" AS l
    INNER JOIN (
        SELECT u."Id", u."CreatedAt", u."CreatedBy", u."DeletedAt", u."Email", u."Gender", u."IsActive", u."IsDeleted", u."LastLoginAt", u."PasswordHash", u."Role", u."Username"
        FROM "Users" AS u
        WHERE NOT (u."IsDeleted")
    ) AS t ON l."UserId" = t."Id"
    INNER JOIN (
        SELECT l0."Id", l0."CreatedAt", l0."CreatedBy", l0."DeletedAt", l0."Description", l0."IsDeleted", l0."Name", l0."StandardLeaveCount", l0."UpdatedAt", l0."UpdatedBy"
        FROM "LeaveTypes" AS l0
        WHERE NOT (l0."IsDeleted")
    ) AS t0 ON l."LeaveTypeId" = t0."Id"
    LEFT JOIN (
        SELECT u0."Id", u0."CreatedAt", u0."CreatedBy", u0."DeletedAt", u0."Email", u0."Gender", u0."IsActive", u0."IsDeleted", u0."LastLoginAt", u0."PasswordHash", u0."Role", u0."Username"
        FROM "Users" AS u0
        WHERE NOT (u0."IsDeleted")
    ) AS t1 ON l."ReviewedById" = t1."Id"
    WHERE NOT (l."IsDeleted") AND l."Id" = @__key_0
    LIMIT 1
) AS t2
LEFT JOIN (
    SELECT l1."Id", l1."DeletedAt", l1."FileContent", l1."FileName", l1."IsDeleted", l1."LeaveRequestId", l1."UploadedAt"
    FROM "LeaveAttachments" AS l1
    WHERE NOT (l1."IsDeleted")
) AS t3 ON t2."Id" = t3."LeaveRequestId"
ORDER BY t2."Id", t2."Id0", t2."Id1", t2."Id2"
2025-07-29 17:08:34,030 [.NET TP Worker] INFO  Microsoft.EntityFrameworkCore.Database.Command - Executed DbCommand (1ms) [Parameters=[], CommandType='Text', CommandTimeout='30']
SELECT l."Id", l."LeaveTypeId", l."TotalLeaves", l."UsedLeaves", l."UserId", t."Id", t."CreatedAt", t."CreatedBy", t."DeletedAt", t."Email", t."Gender", t."IsActive", t."IsDeleted", t."LastLoginAt", t."PasswordHash", t."Role", t."Username", t0."Id", t0."CreatedAt", t0."CreatedBy", t0."DeletedAt", t0."Description", t0."IsDeleted", t0."Name", t0."StandardLeaveCount", t0."UpdatedAt", t0."UpdatedBy"
FROM "LeaveBalances" AS l
INNER JOIN (
    SELECT u."Id", u."CreatedAt", u."CreatedBy", u."DeletedAt", u."Email", u."Gender", u."IsActive", u."IsDeleted", u."LastLoginAt", u."PasswordHash", u."Role", u."Username"
    FROM "Users" AS u
    WHERE NOT (u."IsDeleted")
) AS t ON l."UserId" = t."Id"
INNER JOIN (
    SELECT l0."Id", l0."CreatedAt", l0."CreatedBy", l0."DeletedAt", l0."Description", l0."IsDeleted", l0."Name", l0."StandardLeaveCount", l0."UpdatedAt", l0."UpdatedBy"
    FROM "LeaveTypes" AS l0
    WHERE NOT (l0."IsDeleted")
) AS t0 ON l."LeaveTypeId" = t0."Id"
2025-07-29 17:08:34,045 [.NET TP Worker] INFO  Microsoft.EntityFrameworkCore.Database.Command - Executed DbCommand (2ms) [Parameters=[@__key_0='?' (DbType = Guid)], CommandType='Text', CommandTimeout='30']
SELECT l."Id", l."LeaveTypeId", l."TotalLeaves", l."UsedLeaves", l."UserId", t."Id", t."CreatedAt", t."CreatedBy", t."DeletedAt", t."Email", t."Gender", t."IsActive", t."IsDeleted", t."LastLoginAt", t."PasswordHash", t."Role", t."Username", t0."Id", t0."CreatedAt", t0."CreatedBy", t0."DeletedAt", t0."Description", t0."IsDeleted", t0."Name", t0."StandardLeaveCount", t0."UpdatedAt", t0."UpdatedBy"
FROM "LeaveBalances" AS l
INNER JOIN (
    SELECT u."Id", u."CreatedAt", u."CreatedBy", u."DeletedAt", u."Email", u."Gender", u."IsActive", u."IsDeleted", u."LastLoginAt", u."PasswordHash", u."Role", u."Username"
    FROM "Users" AS u
    WHERE NOT (u."IsDeleted")
) AS t ON l."UserId" = t."Id"
INNER JOIN (
    SELECT l0."Id", l0."CreatedAt", l0."CreatedBy", l0."DeletedAt", l0."Description", l0."IsDeleted", l0."Name", l0."StandardLeaveCount", l0."UpdatedAt", l0."UpdatedBy"
    FROM "LeaveTypes" AS l0
    WHERE NOT (l0."IsDeleted")
) AS t0 ON l."LeaveTypeId" = t0."Id"
WHERE l."Id" = @__key_0
LIMIT 1
2025-07-29 17:08:34,061 [.NET TP Worker] INFO  Microsoft.EntityFrameworkCore.Database.Command - Executed DbCommand (3ms) [Parameters=[@p1='?' (DbType = Guid), @p0='?' (DbType = Int32), @p5='?' (DbType = Guid), @p2='?' (DbType = Guid), @p3='?', @p4='?' (DbType = DateTime)], CommandType='Text', CommandTimeout='30']
UPDATE "LeaveBalances" SET "UsedLeaves" = @p0
WHERE "Id" = @p1;
UPDATE "LeaveRequests" SET "ReviewedById" = @p2, "Status" = @p3, "UpdatedAt" = @p4
WHERE "Id" = @p5;
2025-07-29 17:08:34,076 [.NET TP Worker] INFO  Microsoft.EntityFrameworkCore.Database.Command - Executed DbCommand (1ms) [Parameters=[@__key_0='?' (DbType = Guid)], CommandType='Text', CommandTimeout='30']
SELECT t2."Id", t2."CreatedAt", t2."DeletedAt", t2."EndDate", t2."IsDeleted", t2."LeaveTypeId", t2."Reason", t2."ReviewedById", t2."StartDate", t2."Status", t2."UpdatedAt", t2."UserId", t2."Id0", t2."CreatedAt0", t2."CreatedBy", t2."DeletedAt0", t2."Email", t2."Gender", t2."IsActive", t2."IsDeleted0", t2."LastLoginAt", t2."PasswordHash", t2."Role", t2."Username", t2."Id1", t2."CreatedAt1", t2."CreatedBy0", t2."DeletedAt1", t2."Description", t2."IsDeleted1", t2."Name", t2."StandardLeaveCount", t2."UpdatedAt0", t2."UpdatedBy", t2."Id2", t2."CreatedAt2", t2."CreatedBy1", t2."DeletedAt2", t2."Email0", t2."Gender0", t2."IsActive0", t2."IsDeleted2", t2."LastLoginAt0", t2."PasswordHash0", t2."Role0", t2."Username0", t3."Id", t3."DeletedAt", t3."FileContent", t3."FileName", t3."IsDeleted", t3."LeaveRequestId", t3."UploadedAt"
FROM (
    SELECT l."Id", l."CreatedAt", l."DeletedAt", l."EndDate", l."IsDeleted", l."LeaveTypeId", l."Reason", l."ReviewedById", l."StartDate", l."Status", l."UpdatedAt", l."UserId", t."Id" AS "Id0", t."CreatedAt" AS "CreatedAt0", t."CreatedBy", t."DeletedAt" AS "DeletedAt0", t."Email", t."Gender", t."IsActive", t."IsDeleted" AS "IsDeleted0", t."LastLoginAt", t."PasswordHash", t."Role", t."Username", t0."Id" AS "Id1", t0."CreatedAt" AS "CreatedAt1", t0."CreatedBy" AS "CreatedBy0", t0."DeletedAt" AS "DeletedAt1", t0."Description", t0."IsDeleted" AS "IsDeleted1", t0."Name", t0."StandardLeaveCount", t0."UpdatedAt" AS "UpdatedAt0", t0."UpdatedBy", t1."Id" AS "Id2", t1."CreatedAt" AS "CreatedAt2", t1."CreatedBy" AS "CreatedBy1", t1."DeletedAt" AS "DeletedAt2", t1."Email" AS "Email0", t1."Gender" AS "Gender0", t1."IsActive" AS "IsActive0", t1."IsDeleted" AS "IsDeleted2", t1."LastLoginAt" AS "LastLoginAt0", t1."PasswordHash" AS "PasswordHash0", t1."Role" AS "Role0", t1."Username" AS "Username0"
    FROM "LeaveRequests" AS l
    INNER JOIN (
        SELECT u."Id", u."CreatedAt", u."CreatedBy", u."DeletedAt", u."Email", u."Gender", u."IsActive", u."IsDeleted", u."LastLoginAt", u."PasswordHash", u."Role", u."Username"
        FROM "Users" AS u
        WHERE NOT (u."IsDeleted")
    ) AS t ON l."UserId" = t."Id"
    INNER JOIN (
        SELECT l0."Id", l0."CreatedAt", l0."CreatedBy", l0."DeletedAt", l0."Description", l0."IsDeleted", l0."Name", l0."StandardLeaveCount", l0."UpdatedAt", l0."UpdatedBy"
        FROM "LeaveTypes" AS l0
        WHERE NOT (l0."IsDeleted")
    ) AS t0 ON l."LeaveTypeId" = t0."Id"
    LEFT JOIN (
        SELECT u0."Id", u0."CreatedAt", u0."CreatedBy", u0."DeletedAt", u0."Email", u0."Gender", u0."IsActive", u0."IsDeleted", u0."LastLoginAt", u0."PasswordHash", u0."Role", u0."Username"
        FROM "Users" AS u0
        WHERE NOT (u0."IsDeleted")
    ) AS t1 ON l."ReviewedById" = t1."Id"
    WHERE NOT (l."IsDeleted") AND l."Id" = @__key_0
    LIMIT 1
) AS t2
LEFT JOIN (
    SELECT l1."Id", l1."DeletedAt", l1."FileContent", l1."FileName", l1."IsDeleted", l1."LeaveRequestId", l1."UploadedAt"
    FROM "LeaveAttachments" AS l1
    WHERE NOT (l1."IsDeleted")
) AS t3 ON t2."Id" = t3."LeaveRequestId"
ORDER BY t2."Id", t2."Id0", t2."Id1", t2."Id2"
2025-07-29 17:08:34,093 [.NET TP Worker] INFO  Microsoft.EntityFrameworkCore.Database.Command - Executed DbCommand (2ms) [Parameters=[@p0='?' (DbType = Guid), @p1='?' (DbType = Guid), @p2='?', @p3='?' (DbType = DateTime), @p4='?' (DbType = Guid)], CommandType='Text', CommandTimeout='30']
INSERT INTO "LeaveRequestComments" ("Id", "AdminId", "Comment", "CreatedAt", "LeaveRequestId")
VALUES (@p0, @p1, @p2, @p3, @p4);
2025-07-29 17:08:34,095 [.NET TP Worker] INFO  Microsoft.EntityFrameworkCore.Database.Command - Executed DbCommand (1ms) [Parameters=[@p0='?' (DbType = Guid), @p1='?', @p2='?' (DbType = DateTime), @p3='?' (DbType = Guid), @p4='?', @p5='?' (DbType = Boolean), @p6='?' (DbType = DateTime), @p7='?' (DbType = Guid)], CommandType='Text', CommandTimeout='30']
INSERT INTO "AuditLogs" ("Id", "Action", "DeletedAt", "EntityId", "EntityType", "IsDeleted", "Timestamp", "UserId")
VALUES (@p0, @p1, @p2, @p3, @p4, @p5, @p6, @p7);
2025-07-29 17:08:34,096 [.NET TP Worker] INFO  Microsoft.EntityFrameworkCore.Database.Command - Executed DbCommand (1ms) [Parameters=[@__key_0='?' (DbType = Guid)], CommandType='Text', CommandTimeout='30']
SELECT t."Id", t."CreatedAt", t."CreatedBy", t."DeletedAt", t."Email", t."Gender", t."IsActive", t."IsDeleted", t."LastLoginAt", t."PasswordHash", t."Role", t."Username", t0."Id", t0."LeaveTypeId", t0."TotalLeaves", t0."UsedLeaves", t0."UserId", t0."Id0", t0."CreatedAt", t0."CreatedBy", t0."DeletedAt", t0."Description", t0."IsDeleted", t0."Name", t0."StandardLeaveCount", t0."UpdatedAt", t0."UpdatedBy", t2."Id", t2."CreatedAt", t2."DeletedAt", t2."EndDate", t2."IsDeleted", t2."LeaveTypeId", t2."Reason", t2."ReviewedById", t2."StartDate", t2."Status", t2."UpdatedAt", t2."UserId", t2."Id0", t2."CreatedAt0", t2."CreatedBy", t2."DeletedAt0", t2."Description", t2."IsDeleted0", t2."Name", t2."StandardLeaveCount", t2."UpdatedAt0", t2."UpdatedBy", t2."Id1", t2."CreatedAt1", t2."CreatedBy0", t2."DeletedAt1", t2."Email", t2."Gender", t2."IsActive", t2."IsDeleted1", t2."LastLoginAt", t2."PasswordHash", t2."Role", t2."Username"
FROM (
    SELECT u."Id", u."CreatedAt", u."CreatedBy", u."DeletedAt", u."Email", u."Gender", u."IsActive", u."IsDeleted", u."LastLoginAt", u."PasswordHash", u."Role", u."Username"
    FROM "Users" AS u
    WHERE NOT (u."IsDeleted") AND u."Id" = @__key_0 AND NOT (u."IsDeleted")
    LIMIT 1
) AS t
LEFT JOIN (
    SELECT l."Id", l."LeaveTypeId", l."TotalLeaves", l."UsedLeaves", l."UserId", t1."Id" AS "Id0", t1."CreatedAt", t1."CreatedBy", t1."DeletedAt", t1."Description", t1."IsDeleted", t1."Name", t1."StandardLeaveCount", t1."UpdatedAt", t1."UpdatedBy"
    FROM "LeaveBalances" AS l
    INNER JOIN (
        SELECT l0."Id", l0."CreatedAt", l0."CreatedBy", l0."DeletedAt", l0."Description", l0."IsDeleted", l0."Name", l0."StandardLeaveCount", l0."UpdatedAt", l0."UpdatedBy"
        FROM "LeaveTypes" AS l0
        WHERE NOT (l0."IsDeleted")
    ) AS t1 ON l."LeaveTypeId" = t1."Id"
) AS t0 ON t."Id" = t0."UserId"
LEFT JOIN (
    SELECT l1."Id", l1."CreatedAt", l1."DeletedAt", l1."EndDate", l1."IsDeleted", l1."LeaveTypeId", l1."Reason", l1."ReviewedById", l1."StartDate", l1."Status", l1."UpdatedAt", l1."UserId", t3."Id" AS "Id0", t3."CreatedAt" AS "CreatedAt0", t3."CreatedBy", t3."DeletedAt" AS "DeletedAt0", t3."Description", t3."IsDeleted" AS "IsDeleted0", t3."Name", t3."StandardLeaveCount", t3."UpdatedAt" AS "UpdatedAt0", t3."UpdatedBy", t4."Id" AS "Id1", t4."CreatedAt" AS "CreatedAt1", t4."CreatedBy" AS "CreatedBy0", t4."DeletedAt" AS "DeletedAt1", t4."Email", t4."Gender", t4."IsActive", t4."IsDeleted" AS "IsDeleted1", t4."LastLoginAt", t4."PasswordHash", t4."Role", t4."Username"
    FROM "LeaveRequests" AS l1
    INNER JOIN (
        SELECT l2."Id", l2."CreatedAt", l2."CreatedBy", l2."DeletedAt", l2."Description", l2."IsDeleted", l2."Name", l2."StandardLeaveCount", l2."UpdatedAt", l2."UpdatedBy"
        FROM "LeaveTypes" AS l2
        WHERE NOT (l2."IsDeleted")
    ) AS t3 ON l1."LeaveTypeId" = t3."Id"
    LEFT JOIN (
        SELECT u0."Id", u0."CreatedAt", u0."CreatedBy", u0."DeletedAt", u0."Email", u0."Gender", u0."IsActive", u0."IsDeleted", u0."LastLoginAt", u0."PasswordHash", u0."Role", u0."Username"
        FROM "Users" AS u0
        WHERE NOT (u0."IsDeleted")
    ) AS t4 ON l1."ReviewedById" = t4."Id"
    WHERE NOT (l1."IsDeleted")
) AS t2 ON t."Id" = t2."UserId"
ORDER BY t."Id", t0."Id", t0."Id0", t2."Id", t2."Id0"
2025-07-29 17:08:34,098 [.NET TP Worker] INFO  Microsoft.EntityFrameworkCore.Database.Command - Executed DbCommand (1ms) [Parameters=[@p0='?' (DbType = Guid), @p1='?' (DbType = DateTime), @p2='?' (DbType = DateTime), @p3='?' (DbType = Boolean), @p4='?' (DbType = Boolean), @p5='?', @p6='?' (DbType = DateTime), @p7='?' (DbType = Guid), @p8='?' (DbType = Guid)], CommandType='Text', CommandTimeout='30']
INSERT INTO "Notifications" ("Id", "CreatedAt", "DeletedAt", "IsDeleted", "IsRead", "Message", "ReadAt", "RecipientId", "ReviewedById")
VALUES (@p0, @p1, @p2, @p3, @p4, @p5, @p6, @p7, @p8);
2025-07-29 17:08:34,104 [.NET TP Worker] INFO  LeaveManagementSystem.Middlewares.ExceptionHandlingMiddleware - [Incoming Request] Timestamp: 2025-07-29T11:38:34.1048710Z, Method: GET, Path: /api/v1/leave-requests/fb3a7848-ea3c-4df3-8400-64c012a0d8e6, User: Admin
2025-07-29 17:08:34,105 [.NET TP Worker] INFO  LeaveManagementSystem.Controllers.LeaveRequestController - Fetching leave request with ID: fb3a7848-ea3c-4df3-8400-64c012a0d8e6
2025-07-29 17:08:34,171 [.NET TP Worker] INFO  Microsoft.EntityFrameworkCore.Database.Command - Executed DbCommand (65ms) [Parameters=[@__key_0='?' (DbType = Guid)], CommandType='Text', CommandTimeout='30']
SELECT t2."Id", t2."CreatedAt", t2."DeletedAt", t2."EndDate", t2."IsDeleted", t2."LeaveTypeId", t2."Reason", t2."ReviewedById", t2."StartDate", t2."Status", t2."UpdatedAt", t2."UserId", t2."Id0", t2."CreatedAt0", t2."CreatedBy", t2."DeletedAt0", t2."Email", t2."Gender", t2."IsActive", t2."IsDeleted0", t2."LastLoginAt", t2."PasswordHash", t2."Role", t2."Username", t2."Id1", t2."CreatedAt1", t2."CreatedBy0", t2."DeletedAt1", t2."Description", t2."IsDeleted1", t2."Name", t2."StandardLeaveCount", t2."UpdatedAt0", t2."UpdatedBy", t2."Id2", t2."CreatedAt2", t2."CreatedBy1", t2."DeletedAt2", t2."Email0", t2."Gender0", t2."IsActive0", t2."IsDeleted2", t2."LastLoginAt0", t2."PasswordHash0", t2."Role0", t2."Username0", t3."Id", t3."DeletedAt", t3."FileContent", t3."FileName", t3."IsDeleted", t3."LeaveRequestId", t3."UploadedAt"
FROM (
    SELECT l."Id", l."CreatedAt", l."DeletedAt", l."EndDate", l."IsDeleted", l."LeaveTypeId", l."Reason", l."ReviewedById", l."StartDate", l."Status", l."UpdatedAt", l."UserId", t."Id" AS "Id0", t."CreatedAt" AS "CreatedAt0", t."CreatedBy", t."DeletedAt" AS "DeletedAt0", t."Email", t."Gender", t."IsActive", t."IsDeleted" AS "IsDeleted0", t."LastLoginAt", t."PasswordHash", t."Role", t."Username", t0."Id" AS "Id1", t0."CreatedAt" AS "CreatedAt1", t0."CreatedBy" AS "CreatedBy0", t0."DeletedAt" AS "DeletedAt1", t0."Description", t0."IsDeleted" AS "IsDeleted1", t0."Name", t0."StandardLeaveCount", t0."UpdatedAt" AS "UpdatedAt0", t0."UpdatedBy", t1."Id" AS "Id2", t1."CreatedAt" AS "CreatedAt2", t1."CreatedBy" AS "CreatedBy1", t1."DeletedAt" AS "DeletedAt2", t1."Email" AS "Email0", t1."Gender" AS "Gender0", t1."IsActive" AS "IsActive0", t1."IsDeleted" AS "IsDeleted2", t1."LastLoginAt" AS "LastLoginAt0", t1."PasswordHash" AS "PasswordHash0", t1."Role" AS "Role0", t1."Username" AS "Username0"
    FROM "LeaveRequests" AS l
    INNER JOIN (
        SELECT u."Id", u."CreatedAt", u."CreatedBy", u."DeletedAt", u."Email", u."Gender", u."IsActive", u."IsDeleted", u."LastLoginAt", u."PasswordHash", u."Role", u."Username"
        FROM "Users" AS u
        WHERE NOT (u."IsDeleted")
    ) AS t ON l."UserId" = t."Id"
    INNER JOIN (
        SELECT l0."Id", l0."CreatedAt", l0."CreatedBy", l0."DeletedAt", l0."Description", l0."IsDeleted", l0."Name", l0."StandardLeaveCount", l0."UpdatedAt", l0."UpdatedBy"
        FROM "LeaveTypes" AS l0
        WHERE NOT (l0."IsDeleted")
    ) AS t0 ON l."LeaveTypeId" = t0."Id"
    LEFT JOIN (
        SELECT u0."Id", u0."CreatedAt", u0."CreatedBy", u0."DeletedAt", u0."Email", u0."Gender", u0."IsActive", u0."IsDeleted", u0."LastLoginAt", u0."PasswordHash", u0."Role", u0."Username"
        FROM "Users" AS u0
        WHERE NOT (u0."IsDeleted")
    ) AS t1 ON l."ReviewedById" = t1."Id"
    WHERE NOT (l."IsDeleted") AND l."Id" = @__key_0
    LIMIT 1
) AS t2
LEFT JOIN (
    SELECT l1."Id", l1."DeletedAt", l1."FileContent", l1."FileName", l1."IsDeleted", l1."LeaveRequestId", l1."UploadedAt"
    FROM "LeaveAttachments" AS l1
    WHERE NOT (l1."IsDeleted")
) AS t3 ON t2."Id" = t3."LeaveRequestId"
ORDER BY t2."Id", t2."Id0", t2."Id1", t2."Id2"
2025-07-29 17:08:34,223 [.NET TP Worker] INFO  LeaveManagementSystem.Middlewares.ExceptionHandlingMiddleware - [Incoming Request] Timestamp: 2025-07-29T11:38:34.2231340Z, Method: GET, Path: /api/v1/leave-attachments/by-leave-request/fb3a7848-ea3c-4df3-8400-64c012a0d8e6, User: Admin
2025-07-29 17:08:34,225 [.NET TP Worker] INFO  LeaveManagementSystem.Middlewares.ExceptionHandlingMiddleware - [Incoming Request] Timestamp: 2025-07-29T11:38:34.2249580Z, Method: GET, Path: /api/v1/leave-balance/user/394381f0-2817-4544-90f1-938149322be1/leaveType/0db4c90f-3394-4ad9-a850-a5435d9b2412, User: Admin
2025-07-29 17:08:34,236 [.NET TP Worker] INFO  LeaveManagementSystem.Middlewares.ExceptionHandlingMiddleware - [Incoming Request] Timestamp: 2025-07-29T11:38:34.2369680Z, Method: GET, Path: /api/v1/leave-requests/fb3a7848-ea3c-4df3-8400-64c012a0d8e6/admin-override-comment, User: Admin
2025-07-29 17:08:34,238 [.NET TP Worker] INFO  LeaveManagementSystem.Controllers.LeaveBalanceController - Fetching leave balance for user ID: 394381f0-2817-4544-90f1-938149322be1 and leave type ID: 0db4c90f-3394-4ad9-a850-a5435d9b2412
2025-07-29 17:08:34,241 [.NET TP Worker] INFO  LeaveManagementSystem.Controllers.LeaveAttachmentController - Fetching attachments for LeaveRequestId: fb3a7848-ea3c-4df3-8400-64c012a0d8e6
2025-07-29 17:08:34,338 [.NET TP Worker] INFO  Microsoft.EntityFrameworkCore.Database.Command - Executed DbCommand (96ms) [Parameters=[@__leaveRequestId_0='?' (DbType = Guid)], CommandType='Text', CommandTimeout='30']
SELECT l."Id", l."AdminId", l."Comment", l."CreatedAt", l."LeaveRequestId"
FROM "LeaveRequestComments" AS l
WHERE l."LeaveRequestId" = @__leaveRequestId_0 AND l."AdminId" <> '00000000-0000-0000-0000-000000000000'
ORDER BY l."CreatedAt" DESC
LIMIT 1
2025-07-29 17:08:34,441 [.NET TP Worker] INFO  Microsoft.EntityFrameworkCore.Database.Command - Executed DbCommand (120ms) [Parameters=[@__key_0='?' (DbType = Guid)], CommandType='Text', CommandTimeout='30']
SELECT t2."Id", t2."CreatedAt", t2."DeletedAt", t2."EndDate", t2."IsDeleted", t2."LeaveTypeId", t2."Reason", t2."ReviewedById", t2."StartDate", t2."Status", t2."UpdatedAt", t2."UserId", t2."Id0", t2."CreatedAt0", t2."CreatedBy", t2."DeletedAt0", t2."Email", t2."Gender", t2."IsActive", t2."IsDeleted0", t2."LastLoginAt", t2."PasswordHash", t2."Role", t2."Username", t2."Id1", t2."CreatedAt1", t2."CreatedBy0", t2."DeletedAt1", t2."Description", t2."IsDeleted1", t2."Name", t2."StandardLeaveCount", t2."UpdatedAt0", t2."UpdatedBy", t2."Id2", t2."CreatedAt2", t2."CreatedBy1", t2."DeletedAt2", t2."Email0", t2."Gender0", t2."IsActive0", t2."IsDeleted2", t2."LastLoginAt0", t2."PasswordHash0", t2."Role0", t2."Username0", t3."Id", t3."DeletedAt", t3."FileContent", t3."FileName", t3."IsDeleted", t3."LeaveRequestId", t3."UploadedAt"
FROM (
    SELECT l."Id", l."CreatedAt", l."DeletedAt", l."EndDate", l."IsDeleted", l."LeaveTypeId", l."Reason", l."ReviewedById", l."StartDate", l."Status", l."UpdatedAt", l."UserId", t."Id" AS "Id0", t."CreatedAt" AS "CreatedAt0", t."CreatedBy", t."DeletedAt" AS "DeletedAt0", t."Email", t."Gender", t."IsActive", t."IsDeleted" AS "IsDeleted0", t."LastLoginAt", t."PasswordHash", t."Role", t."Username", t0."Id" AS "Id1", t0."CreatedAt" AS "CreatedAt1", t0."CreatedBy" AS "CreatedBy0", t0."DeletedAt" AS "DeletedAt1", t0."Description", t0."IsDeleted" AS "IsDeleted1", t0."Name", t0."StandardLeaveCount", t0."UpdatedAt" AS "UpdatedAt0", t0."UpdatedBy", t1."Id" AS "Id2", t1."CreatedAt" AS "CreatedAt2", t1."CreatedBy" AS "CreatedBy1", t1."DeletedAt" AS "DeletedAt2", t1."Email" AS "Email0", t1."Gender" AS "Gender0", t1."IsActive" AS "IsActive0", t1."IsDeleted" AS "IsDeleted2", t1."LastLoginAt" AS "LastLoginAt0", t1."PasswordHash" AS "PasswordHash0", t1."Role" AS "Role0", t1."Username" AS "Username0"
    FROM "LeaveRequests" AS l
    INNER JOIN (
        SELECT u."Id", u."CreatedAt", u."CreatedBy", u."DeletedAt", u."Email", u."Gender", u."IsActive", u."IsDeleted", u."LastLoginAt", u."PasswordHash", u."Role", u."Username"
        FROM "Users" AS u
        WHERE NOT (u."IsDeleted")
    ) AS t ON l."UserId" = t."Id"
    INNER JOIN (
        SELECT l0."Id", l0."CreatedAt", l0."CreatedBy", l0."DeletedAt", l0."Description", l0."IsDeleted", l0."Name", l0."StandardLeaveCount", l0."UpdatedAt", l0."UpdatedBy"
        FROM "LeaveTypes" AS l0
        WHERE NOT (l0."IsDeleted")
    ) AS t0 ON l."LeaveTypeId" = t0."Id"
    LEFT JOIN (
        SELECT u0."Id", u0."CreatedAt", u0."CreatedBy", u0."DeletedAt", u0."Email", u0."Gender", u0."IsActive", u0."IsDeleted", u0."LastLoginAt", u0."PasswordHash", u0."Role", u0."Username"
        FROM "Users" AS u0
        WHERE NOT (u0."IsDeleted")
    ) AS t1 ON l."ReviewedById" = t1."Id"
    WHERE NOT (l."IsDeleted") AND l."Id" = @__key_0
    LIMIT 1
) AS t2
LEFT JOIN (
    SELECT l1."Id", l1."DeletedAt", l1."FileContent", l1."FileName", l1."IsDeleted", l1."LeaveRequestId", l1."UploadedAt"
    FROM "LeaveAttachments" AS l1
    WHERE NOT (l1."IsDeleted")
) AS t3 ON t2."Id" = t3."LeaveRequestId"
ORDER BY t2."Id", t2."Id0", t2."Id1", t2."Id2"
2025-07-29 17:08:34,441 [.NET TP Worker] INFO  Microsoft.EntityFrameworkCore.Database.Command - Executed DbCommand (170ms) [Parameters=[@__key_0='?' (DbType = Guid)], CommandType='Text', CommandTimeout='30']
SELECT t."Id", t."CreatedAt", t."CreatedBy", t."DeletedAt", t."Email", t."Gender", t."IsActive", t."IsDeleted", t."LastLoginAt", t."PasswordHash", t."Role", t."Username", t0."Id", t0."LeaveTypeId", t0."TotalLeaves", t0."UsedLeaves", t0."UserId", t0."Id0", t0."CreatedAt", t0."CreatedBy", t0."DeletedAt", t0."Description", t0."IsDeleted", t0."Name", t0."StandardLeaveCount", t0."UpdatedAt", t0."UpdatedBy", t2."Id", t2."CreatedAt", t2."DeletedAt", t2."EndDate", t2."IsDeleted", t2."LeaveTypeId", t2."Reason", t2."ReviewedById", t2."StartDate", t2."Status", t2."UpdatedAt", t2."UserId", t2."Id0", t2."CreatedAt0", t2."CreatedBy", t2."DeletedAt0", t2."Description", t2."IsDeleted0", t2."Name", t2."StandardLeaveCount", t2."UpdatedAt0", t2."UpdatedBy", t2."Id1", t2."CreatedAt1", t2."CreatedBy0", t2."DeletedAt1", t2."Email", t2."Gender", t2."IsActive", t2."IsDeleted1", t2."LastLoginAt", t2."PasswordHash", t2."Role", t2."Username"
FROM (
    SELECT u."Id", u."CreatedAt", u."CreatedBy", u."DeletedAt", u."Email", u."Gender", u."IsActive", u."IsDeleted", u."LastLoginAt", u."PasswordHash", u."Role", u."Username"
    FROM "Users" AS u
    WHERE NOT (u."IsDeleted") AND u."Id" = @__key_0 AND NOT (u."IsDeleted")
    LIMIT 1
) AS t
LEFT JOIN (
    SELECT l."Id", l."LeaveTypeId", l."TotalLeaves", l."UsedLeaves", l."UserId", t1."Id" AS "Id0", t1."CreatedAt", t1."CreatedBy", t1."DeletedAt", t1."Description", t1."IsDeleted", t1."Name", t1."StandardLeaveCount", t1."UpdatedAt", t1."UpdatedBy"
    FROM "LeaveBalances" AS l
    INNER JOIN (
        SELECT l0."Id", l0."CreatedAt", l0."CreatedBy", l0."DeletedAt", l0."Description", l0."IsDeleted", l0."Name", l0."StandardLeaveCount", l0."UpdatedAt", l0."UpdatedBy"
        FROM "LeaveTypes" AS l0
        WHERE NOT (l0."IsDeleted")
    ) AS t1 ON l."LeaveTypeId" = t1."Id"
) AS t0 ON t."Id" = t0."UserId"
LEFT JOIN (
    SELECT l1."Id", l1."CreatedAt", l1."DeletedAt", l1."EndDate", l1."IsDeleted", l1."LeaveTypeId", l1."Reason", l1."ReviewedById", l1."StartDate", l1."Status", l1."UpdatedAt", l1."UserId", t3."Id" AS "Id0", t3."CreatedAt" AS "CreatedAt0", t3."CreatedBy", t3."DeletedAt" AS "DeletedAt0", t3."Description", t3."IsDeleted" AS "IsDeleted0", t3."Name", t3."StandardLeaveCount", t3."UpdatedAt" AS "UpdatedAt0", t3."UpdatedBy", t4."Id" AS "Id1", t4."CreatedAt" AS "CreatedAt1", t4."CreatedBy" AS "CreatedBy0", t4."DeletedAt" AS "DeletedAt1", t4."Email", t4."Gender", t4."IsActive", t4."IsDeleted" AS "IsDeleted1", t4."LastLoginAt", t4."PasswordHash", t4."Role", t4."Username"
    FROM "LeaveRequests" AS l1
    INNER JOIN (
        SELECT l2."Id", l2."CreatedAt", l2."CreatedBy", l2."DeletedAt", l2."Description", l2."IsDeleted", l2."Name", l2."StandardLeaveCount", l2."UpdatedAt", l2."UpdatedBy"
        FROM "LeaveTypes" AS l2
        WHERE NOT (l2."IsDeleted")
    ) AS t3 ON l1."LeaveTypeId" = t3."Id"
    LEFT JOIN (
        SELECT u0."Id", u0."CreatedAt", u0."CreatedBy", u0."DeletedAt", u0."Email", u0."Gender", u0."IsActive", u0."IsDeleted", u0."LastLoginAt", u0."PasswordHash", u0."Role", u0."Username"
        FROM "Users" AS u0
        WHERE NOT (u0."IsDeleted")
    ) AS t4 ON l1."ReviewedById" = t4."Id"
    WHERE NOT (l1."IsDeleted")
) AS t2 ON t."Id" = t2."UserId"
ORDER BY t."Id", t0."Id", t0."Id0", t2."Id", t2."Id0"
2025-07-29 17:08:34,492 [.NET TP Worker] INFO  Microsoft.EntityFrameworkCore.Database.Command - Executed DbCommand (39ms) [Parameters=[], CommandType='Text', CommandTimeout='30']
SELECT l."Id", l."DeletedAt", l."FileContent", l."FileName", l."IsDeleted", l."LeaveRequestId", l."UploadedAt", t."Id", t."CreatedAt", t."DeletedAt", t."EndDate", t."IsDeleted", t."LeaveTypeId", t."Reason", t."ReviewedById", t."StartDate", t."Status", t."UpdatedAt", t."UserId"
FROM "LeaveAttachments" AS l
INNER JOIN (
    SELECT l0."Id", l0."CreatedAt", l0."DeletedAt", l0."EndDate", l0."IsDeleted", l0."LeaveTypeId", l0."Reason", l0."ReviewedById", l0."StartDate", l0."Status", l0."UpdatedAt", l0."UserId"
    FROM "LeaveRequests" AS l0
    WHERE NOT (l0."IsDeleted")
) AS t ON l."LeaveRequestId" = t."Id"
WHERE NOT (l."IsDeleted")
2025-07-29 17:08:34,493 [.NET TP Worker] WARN  LeaveManagementSystem.Controllers.LeaveAttachmentController - No attachments found for LeaveRequestId: fb3a7848-ea3c-4df3-8400-64c012a0d8e6
2025-07-29 17:08:37,750 [.NET TP Worker] INFO  LeaveManagementSystem.Middlewares.ExceptionHandlingMiddleware - [Incoming Request] Timestamp: 2025-07-29T11:38:37.7507370Z, Method: GET, Path: /api/v1/leave-requests, User: Admin
2025-07-29 17:08:37,751 [.NET TP Worker] INFO  LeaveManagementSystem.Controllers.LeaveRequestController - Fetching all leave requests with pagination, search, filter, sort parameters.
2025-07-29 17:08:37,755 [.NET TP Worker] INFO  Microsoft.EntityFrameworkCore.Database.Command - Executed DbCommand (3ms) [Parameters=[], CommandType='Text', CommandTimeout='30']
SELECT l."Id", l."CreatedAt", l."DeletedAt", l."EndDate", l."IsDeleted", l."LeaveTypeId", l."Reason", l."ReviewedById", l."StartDate", l."Status", l."UpdatedAt", l."UserId", t."Id", t."CreatedAt", t."CreatedBy", t."DeletedAt", t."Email", t."Gender", t."IsActive", t."IsDeleted", t."LastLoginAt", t."PasswordHash", t."Role", t."Username", t0."Id", t0."CreatedAt", t0."CreatedBy", t0."DeletedAt", t0."Description", t0."IsDeleted", t0."Name", t0."StandardLeaveCount", t0."UpdatedAt", t0."UpdatedBy", t1."Id", t1."CreatedAt", t1."CreatedBy", t1."DeletedAt", t1."Email", t1."Gender", t1."IsActive", t1."IsDeleted", t1."LastLoginAt", t1."PasswordHash", t1."Role", t1."Username", t2."Id", t2."DeletedAt", t2."FileContent", t2."FileName", t2."IsDeleted", t2."LeaveRequestId", t2."UploadedAt"
FROM "LeaveRequests" AS l
INNER JOIN (
    SELECT u."Id", u."CreatedAt", u."CreatedBy", u."DeletedAt", u."Email", u."Gender", u."IsActive", u."IsDeleted", u."LastLoginAt", u."PasswordHash", u."Role", u."Username"
    FROM "Users" AS u
    WHERE NOT (u."IsDeleted")
) AS t ON l."UserId" = t."Id"
INNER JOIN (
    SELECT l0."Id", l0."CreatedAt", l0."CreatedBy", l0."DeletedAt", l0."Description", l0."IsDeleted", l0."Name", l0."StandardLeaveCount", l0."UpdatedAt", l0."UpdatedBy"
    FROM "LeaveTypes" AS l0
    WHERE NOT (l0."IsDeleted")
) AS t0 ON l."LeaveTypeId" = t0."Id"
LEFT JOIN (
    SELECT u0."Id", u0."CreatedAt", u0."CreatedBy", u0."DeletedAt", u0."Email", u0."Gender", u0."IsActive", u0."IsDeleted", u0."LastLoginAt", u0."PasswordHash", u0."Role", u0."Username"
    FROM "Users" AS u0
    WHERE NOT (u0."IsDeleted")
) AS t1 ON l."ReviewedById" = t1."Id"
LEFT JOIN (
    SELECT l1."Id", l1."DeletedAt", l1."FileContent", l1."FileName", l1."IsDeleted", l1."LeaveRequestId", l1."UploadedAt"
    FROM "LeaveAttachments" AS l1
    WHERE NOT (l1."IsDeleted")
) AS t2 ON l."Id" = t2."LeaveRequestId"
WHERE NOT (l."IsDeleted")
ORDER BY l."Id", t."Id", t0."Id", t1."Id"
2025-07-29 17:10:09,850 [.NET TP Worker] INFO  LeaveManagementSystem.Middlewares.ExceptionHandlingMiddleware - [Incoming Request] Timestamp: 2025-07-29T11:40:09.8505700Z, Method: GET, Path: /api/v1/leave-requests, User: Admin
2025-07-29 17:10:09,851 [.NET TP Worker] INFO  LeaveManagementSystem.Controllers.LeaveRequestController - Fetching all leave requests with pagination, search, filter, sort parameters.
2025-07-29 17:10:09,865 [.NET TP Worker] INFO  LeaveManagementSystem.Middlewares.ExceptionHandlingMiddleware - [Incoming Request] Timestamp: 2025-07-29T11:40:09.8657350Z, Method: GET, Path: /api/v1/leavetypes, User: Admin
2025-07-29 17:10:09,866 [.NET TP Worker] INFO  LeaveManagementSystem.Controllers.LeaveTypeController - Fetching all leave types with pagination.
2025-07-29 17:10:09,882 [.NET TP Worker] INFO  Microsoft.EntityFrameworkCore.Database.Command - Executed DbCommand (16ms) [Parameters=[], CommandType='Text', CommandTimeout='30']
SELECT l."Id", l."CreatedAt", l."CreatedBy", l."DeletedAt", l."Description", l."IsDeleted", l."Name", l."StandardLeaveCount", l."UpdatedAt", l."UpdatedBy"
FROM "LeaveTypes" AS l
WHERE NOT (l."IsDeleted")
2025-07-29 17:10:09,883 [.NET TP Worker] INFO  LeaveManagementSystem.Middlewares.ExceptionHandlingMiddleware - [Incoming Request] Timestamp: 2025-07-29T11:40:09.8834860Z, Method: GET, Path: /api/v1/Users, User: Admin
2025-07-29 17:10:09,883 [.NET TP Worker] INFO  LeaveManagementSystem.Controllers.UsersController - Fetching all users with pagination parameters.
2025-07-29 17:10:09,885 [.NET TP Worker] INFO  LeaveManagementSystem.Middlewares.ExceptionHandlingMiddleware - [Incoming Request] Timestamp: 2025-07-29T11:40:09.8858820Z, Method: GET, Path: /api/v1/leavetypes, User: Admin
2025-07-29 17:10:09,886 [.NET TP Worker] INFO  LeaveManagementSystem.Controllers.LeaveTypeController - Fetching all leave types with pagination.
2025-07-29 17:10:09,886 [.NET TP Worker] INFO  Microsoft.EntityFrameworkCore.Database.Command - Executed DbCommand (35ms) [Parameters=[], CommandType='Text', CommandTimeout='30']
SELECT l."Id", l."CreatedAt", l."DeletedAt", l."EndDate", l."IsDeleted", l."LeaveTypeId", l."Reason", l."ReviewedById", l."StartDate", l."Status", l."UpdatedAt", l."UserId", t."Id", t."CreatedAt", t."CreatedBy", t."DeletedAt", t."Email", t."Gender", t."IsActive", t."IsDeleted", t."LastLoginAt", t."PasswordHash", t."Role", t."Username", t0."Id", t0."CreatedAt", t0."CreatedBy", t0."DeletedAt", t0."Description", t0."IsDeleted", t0."Name", t0."StandardLeaveCount", t0."UpdatedAt", t0."UpdatedBy", t1."Id", t1."CreatedAt", t1."CreatedBy", t1."DeletedAt", t1."Email", t1."Gender", t1."IsActive", t1."IsDeleted", t1."LastLoginAt", t1."PasswordHash", t1."Role", t1."Username", t2."Id", t2."DeletedAt", t2."FileContent", t2."FileName", t2."IsDeleted", t2."LeaveRequestId", t2."UploadedAt"
FROM "LeaveRequests" AS l
INNER JOIN (
    SELECT u."Id", u."CreatedAt", u."CreatedBy", u."DeletedAt", u."Email", u."Gender", u."IsActive", u."IsDeleted", u."LastLoginAt", u."PasswordHash", u."Role", u."Username"
    FROM "Users" AS u
    WHERE NOT (u."IsDeleted")
) AS t ON l."UserId" = t."Id"
INNER JOIN (
    SELECT l0."Id", l0."CreatedAt", l0."CreatedBy", l0."DeletedAt", l0."Description", l0."IsDeleted", l0."Name", l0."StandardLeaveCount", l0."UpdatedAt", l0."UpdatedBy"
    FROM "LeaveTypes" AS l0
    WHERE NOT (l0."IsDeleted")
) AS t0 ON l."LeaveTypeId" = t0."Id"
LEFT JOIN (
    SELECT u0."Id", u0."CreatedAt", u0."CreatedBy", u0."DeletedAt", u0."Email", u0."Gender", u0."IsActive", u0."IsDeleted", u0."LastLoginAt", u0."PasswordHash", u0."Role", u0."Username"
    FROM "Users" AS u0
    WHERE NOT (u0."IsDeleted")
) AS t1 ON l."ReviewedById" = t1."Id"
LEFT JOIN (
    SELECT l1."Id", l1."DeletedAt", l1."FileContent", l1."FileName", l1."IsDeleted", l1."LeaveRequestId", l1."UploadedAt"
    FROM "LeaveAttachments" AS l1
    WHERE NOT (l1."IsDeleted")
) AS t2 ON l."Id" = t2."LeaveRequestId"
WHERE NOT (l."IsDeleted")
ORDER BY l."Id", t."Id", t0."Id", t1."Id"
2025-07-29 17:10:09,890 [.NET TP Worker] INFO  Microsoft.EntityFrameworkCore.Database.Command - Executed DbCommand (6ms) [Parameters=[], CommandType='Text', CommandTimeout='30']
SELECT u."Id", u."CreatedAt", u."CreatedBy", u."DeletedAt", u."Email", u."Gender", u."IsActive", u."IsDeleted", u."LastLoginAt", u."PasswordHash", u."Role", u."Username"
FROM "Users" AS u
WHERE NOT (u."IsDeleted")
2025-07-29 17:10:09,890 [.NET TP Worker] INFO  Microsoft.EntityFrameworkCore.Database.Command - Executed DbCommand (3ms) [Parameters=[], CommandType='Text', CommandTimeout='30']
SELECT l."Id", l."CreatedAt", l."CreatedBy", l."DeletedAt", l."Description", l."IsDeleted", l."Name", l."StandardLeaveCount", l."UpdatedAt", l."UpdatedBy"
FROM "LeaveTypes" AS l
WHERE NOT (l."IsDeleted")
2025-07-29 17:10:09,899 [.NET TP Worker] INFO  LeaveManagementSystem.Middlewares.ExceptionHandlingMiddleware - [Incoming Request] Timestamp: 2025-07-29T11:40:09.8994930Z, Method: GET, Path: /api/v1/leave-requests, User: Admin
2025-07-29 17:10:09,900 [.NET TP Worker] INFO  LeaveManagementSystem.Controllers.LeaveRequestController - Fetching all leave requests with pagination, search, filter, sort parameters.
2025-07-29 17:10:09,904 [.NET TP Worker] INFO  Microsoft.EntityFrameworkCore.Database.Command - Executed DbCommand (3ms) [Parameters=[], CommandType='Text', CommandTimeout='30']
SELECT l."Id", l."CreatedAt", l."DeletedAt", l."EndDate", l."IsDeleted", l."LeaveTypeId", l."Reason", l."ReviewedById", l."StartDate", l."Status", l."UpdatedAt", l."UserId", t."Id", t."CreatedAt", t."CreatedBy", t."DeletedAt", t."Email", t."Gender", t."IsActive", t."IsDeleted", t."LastLoginAt", t."PasswordHash", t."Role", t."Username", t0."Id", t0."CreatedAt", t0."CreatedBy", t0."DeletedAt", t0."Description", t0."IsDeleted", t0."Name", t0."StandardLeaveCount", t0."UpdatedAt", t0."UpdatedBy", t1."Id", t1."CreatedAt", t1."CreatedBy", t1."DeletedAt", t1."Email", t1."Gender", t1."IsActive", t1."IsDeleted", t1."LastLoginAt", t1."PasswordHash", t1."Role", t1."Username", t2."Id", t2."DeletedAt", t2."FileContent", t2."FileName", t2."IsDeleted", t2."LeaveRequestId", t2."UploadedAt"
FROM "LeaveRequests" AS l
INNER JOIN (
    SELECT u."Id", u."CreatedAt", u."CreatedBy", u."DeletedAt", u."Email", u."Gender", u."IsActive", u."IsDeleted", u."LastLoginAt", u."PasswordHash", u."Role", u."Username"
    FROM "Users" AS u
    WHERE NOT (u."IsDeleted")
) AS t ON l."UserId" = t."Id"
INNER JOIN (
    SELECT l0."Id", l0."CreatedAt", l0."CreatedBy", l0."DeletedAt", l0."Description", l0."IsDeleted", l0."Name", l0."StandardLeaveCount", l0."UpdatedAt", l0."UpdatedBy"
    FROM "LeaveTypes" AS l0
    WHERE NOT (l0."IsDeleted")
) AS t0 ON l."LeaveTypeId" = t0."Id"
LEFT JOIN (
    SELECT u0."Id", u0."CreatedAt", u0."CreatedBy", u0."DeletedAt", u0."Email", u0."Gender", u0."IsActive", u0."IsDeleted", u0."LastLoginAt", u0."PasswordHash", u0."Role", u0."Username"
    FROM "Users" AS u0
    WHERE NOT (u0."IsDeleted")
) AS t1 ON l."ReviewedById" = t1."Id"
LEFT JOIN (
    SELECT l1."Id", l1."DeletedAt", l1."FileContent", l1."FileName", l1."IsDeleted", l1."LeaveRequestId", l1."UploadedAt"
    FROM "LeaveAttachments" AS l1
    WHERE NOT (l1."IsDeleted")
) AS t2 ON l."Id" = t2."LeaveRequestId"
WHERE NOT (l."IsDeleted")
ORDER BY l."Id", t."Id", t0."Id", t1."Id"
2025-07-29 17:10:23,365 [.NET TP Worker] INFO  LeaveManagementSystem.Middlewares.ExceptionHandlingMiddleware - [Incoming Request] Timestamp: 2025-07-29T11:40:23.3658080Z, Method: POST, Path: /api/v1/auth/login, User: Anonymous
2025-07-29 17:10:23,367 [.NET TP Worker] INFO  Microsoft.EntityFrameworkCore.Database.Command - Executed DbCommand (1ms) [Parameters=[], CommandType='Text', CommandTimeout='30']
SELECT u."Id", u."CreatedAt", u."CreatedBy", u."DeletedAt", u."Email", u."Gender", u."IsActive", u."IsDeleted", u."LastLoginAt", u."PasswordHash", u."Role", u."Username"
FROM "Users" AS u
WHERE NOT (u."IsDeleted")
2025-07-29 17:10:23,545 [.NET TP Worker] INFO  Microsoft.EntityFrameworkCore.Database.Command - Executed DbCommand (1ms) [Parameters=[@p0='?' (DbType = Guid), @p1='?' (DbType = DateTime), @p2='?' (DbType = Boolean), @p3='?', @p4='?' (DbType = Guid)], CommandType='Text', CommandTimeout='30']
INSERT INTO "RefreshTokens" ("Id", "ExpiresAt", "IsRevoked", "Token", "UserId")
VALUES (@p0, @p1, @p2, @p3, @p4);
2025-07-29 17:10:23,545 [.NET TP Worker] INFO  LeaveManagementSystem.Services.AuthenticationService - User roovis2003@gmail.com logged in successfully
2025-07-29 17:10:23,545 [.NET TP Worker] INFO  LeaveManagementSystem.Controllers.AuthenticationController - User roovis2003@gmail.com logged in successfully.
2025-07-29 17:10:23,549 [.NET TP Worker] INFO  LeaveManagementSystem.Middlewares.ExceptionHandlingMiddleware - [Incoming Request] Timestamp: 2025-07-29T11:40:23.5495840Z, Method: GET, Path: /api/v1/leave-requests, User: Roopan
2025-07-29 17:10:23,549 [.NET TP Worker] INFO  LeaveManagementSystem.Controllers.LeaveRequestController - Fetching all leave requests with pagination, search, filter, sort parameters.
2025-07-29 17:10:23,553 [.NET TP Worker] INFO  Microsoft.EntityFrameworkCore.Database.Command - Executed DbCommand (2ms) [Parameters=[], CommandType='Text', CommandTimeout='30']
SELECT l."Id", l."CreatedAt", l."DeletedAt", l."EndDate", l."IsDeleted", l."LeaveTypeId", l."Reason", l."ReviewedById", l."StartDate", l."Status", l."UpdatedAt", l."UserId", t."Id", t."CreatedAt", t."CreatedBy", t."DeletedAt", t."Email", t."Gender", t."IsActive", t."IsDeleted", t."LastLoginAt", t."PasswordHash", t."Role", t."Username", t0."Id", t0."CreatedAt", t0."CreatedBy", t0."DeletedAt", t0."Description", t0."IsDeleted", t0."Name", t0."StandardLeaveCount", t0."UpdatedAt", t0."UpdatedBy", t1."Id", t1."CreatedAt", t1."CreatedBy", t1."DeletedAt", t1."Email", t1."Gender", t1."IsActive", t1."IsDeleted", t1."LastLoginAt", t1."PasswordHash", t1."Role", t1."Username", t2."Id", t2."DeletedAt", t2."FileContent", t2."FileName", t2."IsDeleted", t2."LeaveRequestId", t2."UploadedAt"
FROM "LeaveRequests" AS l
INNER JOIN (
    SELECT u."Id", u."CreatedAt", u."CreatedBy", u."DeletedAt", u."Email", u."Gender", u."IsActive", u."IsDeleted", u."LastLoginAt", u."PasswordHash", u."Role", u."Username"
    FROM "Users" AS u
    WHERE NOT (u."IsDeleted")
) AS t ON l."UserId" = t."Id"
INNER JOIN (
    SELECT l0."Id", l0."CreatedAt", l0."CreatedBy", l0."DeletedAt", l0."Description", l0."IsDeleted", l0."Name", l0."StandardLeaveCount", l0."UpdatedAt", l0."UpdatedBy"
    FROM "LeaveTypes" AS l0
    WHERE NOT (l0."IsDeleted")
) AS t0 ON l."LeaveTypeId" = t0."Id"
LEFT JOIN (
    SELECT u0."Id", u0."CreatedAt", u0."CreatedBy", u0."DeletedAt", u0."Email", u0."Gender", u0."IsActive", u0."IsDeleted", u0."LastLoginAt", u0."PasswordHash", u0."Role", u0."Username"
    FROM "Users" AS u0
    WHERE NOT (u0."IsDeleted")
) AS t1 ON l."ReviewedById" = t1."Id"
LEFT JOIN (
    SELECT l1."Id", l1."DeletedAt", l1."FileContent", l1."FileName", l1."IsDeleted", l1."LeaveRequestId", l1."UploadedAt"
    FROM "LeaveAttachments" AS l1
    WHERE NOT (l1."IsDeleted")
) AS t2 ON l."Id" = t2."LeaveRequestId"
WHERE NOT (l."IsDeleted")
ORDER BY l."Id", t."Id", t0."Id", t1."Id"
2025-07-29 17:10:23,569 [.NET TP Worker] INFO  LeaveManagementSystem.Middlewares.ExceptionHandlingMiddleware - [Incoming Request] Timestamp: 2025-07-29T11:40:23.5691880Z, Method: GET, Path: /api/v1/leave-requests, User: Roopan
2025-07-29 17:10:23,570 [.NET TP Worker] INFO  LeaveManagementSystem.Controllers.LeaveRequestController - Fetching all leave requests with pagination, search, filter, sort parameters.
2025-07-29 17:10:23,570 [.NET TP Worker] INFO  LeaveManagementSystem.Middlewares.ExceptionHandlingMiddleware - [Incoming Request] Timestamp: 2025-07-29T11:40:23.5705170Z, Method: GET, Path: /api/v1/leavetypes, User: Roopan
2025-07-29 17:10:23,570 [.NET TP Worker] INFO  LeaveManagementSystem.Middlewares.ExceptionHandlingMiddleware - [Incoming Request] Timestamp: 2025-07-29T11:40:23.5705900Z, Method: GET, Path: /api/v1/Users, User: Roopan
2025-07-29 17:10:23,570 [.NET TP Worker] INFO  LeaveManagementSystem.Controllers.LeaveTypeController - Fetching all leave types with pagination.
2025-07-29 17:10:23,571 [.NET TP Worker] INFO  LeaveManagementSystem.Controllers.UsersController - Fetching all users with pagination parameters.
2025-07-29 17:10:23,572 [.NET TP Worker] INFO  Microsoft.EntityFrameworkCore.Database.Command - Executed DbCommand (1ms) [Parameters=[], CommandType='Text', CommandTimeout='30']
SELECT u."Id", u."CreatedAt", u."CreatedBy", u."DeletedAt", u."Email", u."Gender", u."IsActive", u."IsDeleted", u."LastLoginAt", u."PasswordHash", u."Role", u."Username"
FROM "Users" AS u
WHERE NOT (u."IsDeleted")
2025-07-29 17:10:23,572 [.NET TP Worker] INFO  Microsoft.EntityFrameworkCore.Database.Command - Executed DbCommand (1ms) [Parameters=[], CommandType='Text', CommandTimeout='30']
SELECT l."Id", l."CreatedAt", l."CreatedBy", l."DeletedAt", l."Description", l."IsDeleted", l."Name", l."StandardLeaveCount", l."UpdatedAt", l."UpdatedBy"
FROM "LeaveTypes" AS l
WHERE NOT (l."IsDeleted")
2025-07-29 17:10:23,576 [.NET TP Worker] INFO  LeaveManagementSystem.Middlewares.ExceptionHandlingMiddleware - [Incoming Request] Timestamp: 2025-07-29T11:40:23.5760090Z, Method: GET, Path: /api/v1/leavetypes, User: Roopan
2025-07-29 17:10:23,576 [.NET TP Worker] INFO  Microsoft.EntityFrameworkCore.Database.Command - Executed DbCommand (5ms) [Parameters=[], CommandType='Text', CommandTimeout='30']
SELECT l."Id", l."CreatedAt", l."DeletedAt", l."EndDate", l."IsDeleted", l."LeaveTypeId", l."Reason", l."ReviewedById", l."StartDate", l."Status", l."UpdatedAt", l."UserId", t."Id", t."CreatedAt", t."CreatedBy", t."DeletedAt", t."Email", t."Gender", t."IsActive", t."IsDeleted", t."LastLoginAt", t."PasswordHash", t."Role", t."Username", t0."Id", t0."CreatedAt", t0."CreatedBy", t0."DeletedAt", t0."Description", t0."IsDeleted", t0."Name", t0."StandardLeaveCount", t0."UpdatedAt", t0."UpdatedBy", t1."Id", t1."CreatedAt", t1."CreatedBy", t1."DeletedAt", t1."Email", t1."Gender", t1."IsActive", t1."IsDeleted", t1."LastLoginAt", t1."PasswordHash", t1."Role", t1."Username", t2."Id", t2."DeletedAt", t2."FileContent", t2."FileName", t2."IsDeleted", t2."LeaveRequestId", t2."UploadedAt"
FROM "LeaveRequests" AS l
INNER JOIN (
    SELECT u."Id", u."CreatedAt", u."CreatedBy", u."DeletedAt", u."Email", u."Gender", u."IsActive", u."IsDeleted", u."LastLoginAt", u."PasswordHash", u."Role", u."Username"
    FROM "Users" AS u
    WHERE NOT (u."IsDeleted")
) AS t ON l."UserId" = t."Id"
INNER JOIN (
    SELECT l0."Id", l0."CreatedAt", l0."CreatedBy", l0."DeletedAt", l0."Description", l0."IsDeleted", l0."Name", l0."StandardLeaveCount", l0."UpdatedAt", l0."UpdatedBy"
    FROM "LeaveTypes" AS l0
    WHERE NOT (l0."IsDeleted")
) AS t0 ON l."LeaveTypeId" = t0."Id"
LEFT JOIN (
    SELECT u0."Id", u0."CreatedAt", u0."CreatedBy", u0."DeletedAt", u0."Email", u0."Gender", u0."IsActive", u0."IsDeleted", u0."LastLoginAt", u0."PasswordHash", u0."Role", u0."Username"
    FROM "Users" AS u0
    WHERE NOT (u0."IsDeleted")
) AS t1 ON l."ReviewedById" = t1."Id"
LEFT JOIN (
    SELECT l1."Id", l1."DeletedAt", l1."FileContent", l1."FileName", l1."IsDeleted", l1."LeaveRequestId", l1."UploadedAt"
    FROM "LeaveAttachments" AS l1
    WHERE NOT (l1."IsDeleted")
) AS t2 ON l."Id" = t2."LeaveRequestId"
WHERE NOT (l."IsDeleted")
ORDER BY l."Id", t."Id", t0."Id", t1."Id"
2025-07-29 17:10:23,576 [.NET TP Worker] INFO  LeaveManagementSystem.Controllers.LeaveTypeController - Fetching all leave types with pagination.
2025-07-29 17:10:23,578 [.NET TP Worker] INFO  Microsoft.EntityFrameworkCore.Database.Command - Executed DbCommand (1ms) [Parameters=[], CommandType='Text', CommandTimeout='30']
SELECT l."Id", l."CreatedAt", l."CreatedBy", l."DeletedAt", l."Description", l."IsDeleted", l."Name", l."StandardLeaveCount", l."UpdatedAt", l."UpdatedBy"
FROM "LeaveTypes" AS l
WHERE NOT (l."IsDeleted")
2025-07-29 17:10:23,594 [.NET TP Worker] INFO  LeaveManagementSystem.Middlewares.ExceptionHandlingMiddleware - [Incoming Request] Timestamp: 2025-07-29T11:40:23.5942720Z, Method: GET, Path: /api/v1/leave-requests, User: Roopan
2025-07-29 17:10:23,594 [.NET TP Worker] INFO  LeaveManagementSystem.Controllers.LeaveRequestController - Fetching all leave requests with pagination, search, filter, sort parameters.
2025-07-29 17:10:23,598 [.NET TP Worker] INFO  Microsoft.EntityFrameworkCore.Database.Command - Executed DbCommand (3ms) [Parameters=[], CommandType='Text', CommandTimeout='30']
SELECT l."Id", l."CreatedAt", l."DeletedAt", l."EndDate", l."IsDeleted", l."LeaveTypeId", l."Reason", l."ReviewedById", l."StartDate", l."Status", l."UpdatedAt", l."UserId", t."Id", t."CreatedAt", t."CreatedBy", t."DeletedAt", t."Email", t."Gender", t."IsActive", t."IsDeleted", t."LastLoginAt", t."PasswordHash", t."Role", t."Username", t0."Id", t0."CreatedAt", t0."CreatedBy", t0."DeletedAt", t0."Description", t0."IsDeleted", t0."Name", t0."StandardLeaveCount", t0."UpdatedAt", t0."UpdatedBy", t1."Id", t1."CreatedAt", t1."CreatedBy", t1."DeletedAt", t1."Email", t1."Gender", t1."IsActive", t1."IsDeleted", t1."LastLoginAt", t1."PasswordHash", t1."Role", t1."Username", t2."Id", t2."DeletedAt", t2."FileContent", t2."FileName", t2."IsDeleted", t2."LeaveRequestId", t2."UploadedAt"
FROM "LeaveRequests" AS l
INNER JOIN (
    SELECT u."Id", u."CreatedAt", u."CreatedBy", u."DeletedAt", u."Email", u."Gender", u."IsActive", u."IsDeleted", u."LastLoginAt", u."PasswordHash", u."Role", u."Username"
    FROM "Users" AS u
    WHERE NOT (u."IsDeleted")
) AS t ON l."UserId" = t."Id"
INNER JOIN (
    SELECT l0."Id", l0."CreatedAt", l0."CreatedBy", l0."DeletedAt", l0."Description", l0."IsDeleted", l0."Name", l0."StandardLeaveCount", l0."UpdatedAt", l0."UpdatedBy"
    FROM "LeaveTypes" AS l0
    WHERE NOT (l0."IsDeleted")
) AS t0 ON l."LeaveTypeId" = t0."Id"
LEFT JOIN (
    SELECT u0."Id", u0."CreatedAt", u0."CreatedBy", u0."DeletedAt", u0."Email", u0."Gender", u0."IsActive", u0."IsDeleted", u0."LastLoginAt", u0."PasswordHash", u0."Role", u0."Username"
    FROM "Users" AS u0
    WHERE NOT (u0."IsDeleted")
) AS t1 ON l."ReviewedById" = t1."Id"
LEFT JOIN (
    SELECT l1."Id", l1."DeletedAt", l1."FileContent", l1."FileName", l1."IsDeleted", l1."LeaveRequestId", l1."UploadedAt"
    FROM "LeaveAttachments" AS l1
    WHERE NOT (l1."IsDeleted")
) AS t2 ON l."Id" = t2."LeaveRequestId"
WHERE NOT (l."IsDeleted")
ORDER BY l."Id", t."Id", t0."Id", t1."Id"
2025-07-29 17:10:25,505 [.NET TP Worker] INFO  LeaveManagementSystem.Middlewares.ExceptionHandlingMiddleware - [Incoming Request] Timestamp: 2025-07-29T11:40:25.5053030Z, Method: GET, Path: /api/v1/leave-requests, User: Roopan
2025-07-29 17:10:25,507 [.NET TP Worker] INFO  LeaveManagementSystem.Controllers.LeaveRequestController - Fetching all leave requests with pagination, search, filter, sort parameters.
2025-07-29 17:10:25,512 [.NET TP Worker] INFO  Microsoft.EntityFrameworkCore.Database.Command - Executed DbCommand (3ms) [Parameters=[], CommandType='Text', CommandTimeout='30']
SELECT l."Id", l."CreatedAt", l."DeletedAt", l."EndDate", l."IsDeleted", l."LeaveTypeId", l."Reason", l."ReviewedById", l."StartDate", l."Status", l."UpdatedAt", l."UserId", t."Id", t."CreatedAt", t."CreatedBy", t."DeletedAt", t."Email", t."Gender", t."IsActive", t."IsDeleted", t."LastLoginAt", t."PasswordHash", t."Role", t."Username", t0."Id", t0."CreatedAt", t0."CreatedBy", t0."DeletedAt", t0."Description", t0."IsDeleted", t0."Name", t0."StandardLeaveCount", t0."UpdatedAt", t0."UpdatedBy", t1."Id", t1."CreatedAt", t1."CreatedBy", t1."DeletedAt", t1."Email", t1."Gender", t1."IsActive", t1."IsDeleted", t1."LastLoginAt", t1."PasswordHash", t1."Role", t1."Username", t2."Id", t2."DeletedAt", t2."FileContent", t2."FileName", t2."IsDeleted", t2."LeaveRequestId", t2."UploadedAt"
FROM "LeaveRequests" AS l
INNER JOIN (
    SELECT u."Id", u."CreatedAt", u."CreatedBy", u."DeletedAt", u."Email", u."Gender", u."IsActive", u."IsDeleted", u."LastLoginAt", u."PasswordHash", u."Role", u."Username"
    FROM "Users" AS u
    WHERE NOT (u."IsDeleted")
) AS t ON l."UserId" = t."Id"
INNER JOIN (
    SELECT l0."Id", l0."CreatedAt", l0."CreatedBy", l0."DeletedAt", l0."Description", l0."IsDeleted", l0."Name", l0."StandardLeaveCount", l0."UpdatedAt", l0."UpdatedBy"
    FROM "LeaveTypes" AS l0
    WHERE NOT (l0."IsDeleted")
) AS t0 ON l."LeaveTypeId" = t0."Id"
LEFT JOIN (
    SELECT u0."Id", u0."CreatedAt", u0."CreatedBy", u0."DeletedAt", u0."Email", u0."Gender", u0."IsActive", u0."IsDeleted", u0."LastLoginAt", u0."PasswordHash", u0."Role", u0."Username"
    FROM "Users" AS u0
    WHERE NOT (u0."IsDeleted")
) AS t1 ON l."ReviewedById" = t1."Id"
LEFT JOIN (
    SELECT l1."Id", l1."DeletedAt", l1."FileContent", l1."FileName", l1."IsDeleted", l1."LeaveRequestId", l1."UploadedAt"
    FROM "LeaveAttachments" AS l1
    WHERE NOT (l1."IsDeleted")
) AS t2 ON l."Id" = t2."LeaveRequestId"
WHERE NOT (l."IsDeleted")
ORDER BY l."Id", t."Id", t0."Id", t1."Id"
2025-07-29 17:10:28,237 [.NET TP Worker] INFO  LeaveManagementSystem.Middlewares.ExceptionHandlingMiddleware - [Incoming Request] Timestamp: 2025-07-29T11:40:28.2379520Z, Method: GET, Path: /api/v1/leave-requests/fb3a7848-ea3c-4df3-8400-64c012a0d8e6, User: Roopan
2025-07-29 17:10:28,238 [.NET TP Worker] INFO  LeaveManagementSystem.Controllers.LeaveRequestController - Fetching leave request with ID: fb3a7848-ea3c-4df3-8400-64c012a0d8e6
2025-07-29 17:10:28,241 [.NET TP Worker] INFO  Microsoft.EntityFrameworkCore.Database.Command - Executed DbCommand (2ms) [Parameters=[@__key_0='?' (DbType = Guid)], CommandType='Text', CommandTimeout='30']
SELECT t2."Id", t2."CreatedAt", t2."DeletedAt", t2."EndDate", t2."IsDeleted", t2."LeaveTypeId", t2."Reason", t2."ReviewedById", t2."StartDate", t2."Status", t2."UpdatedAt", t2."UserId", t2."Id0", t2."CreatedAt0", t2."CreatedBy", t2."DeletedAt0", t2."Email", t2."Gender", t2."IsActive", t2."IsDeleted0", t2."LastLoginAt", t2."PasswordHash", t2."Role", t2."Username", t2."Id1", t2."CreatedAt1", t2."CreatedBy0", t2."DeletedAt1", t2."Description", t2."IsDeleted1", t2."Name", t2."StandardLeaveCount", t2."UpdatedAt0", t2."UpdatedBy", t2."Id2", t2."CreatedAt2", t2."CreatedBy1", t2."DeletedAt2", t2."Email0", t2."Gender0", t2."IsActive0", t2."IsDeleted2", t2."LastLoginAt0", t2."PasswordHash0", t2."Role0", t2."Username0", t3."Id", t3."DeletedAt", t3."FileContent", t3."FileName", t3."IsDeleted", t3."LeaveRequestId", t3."UploadedAt"
FROM (
    SELECT l."Id", l."CreatedAt", l."DeletedAt", l."EndDate", l."IsDeleted", l."LeaveTypeId", l."Reason", l."ReviewedById", l."StartDate", l."Status", l."UpdatedAt", l."UserId", t."Id" AS "Id0", t."CreatedAt" AS "CreatedAt0", t."CreatedBy", t."DeletedAt" AS "DeletedAt0", t."Email", t."Gender", t."IsActive", t."IsDeleted" AS "IsDeleted0", t."LastLoginAt", t."PasswordHash", t."Role", t."Username", t0."Id" AS "Id1", t0."CreatedAt" AS "CreatedAt1", t0."CreatedBy" AS "CreatedBy0", t0."DeletedAt" AS "DeletedAt1", t0."Description", t0."IsDeleted" AS "IsDeleted1", t0."Name", t0."StandardLeaveCount", t0."UpdatedAt" AS "UpdatedAt0", t0."UpdatedBy", t1."Id" AS "Id2", t1."CreatedAt" AS "CreatedAt2", t1."CreatedBy" AS "CreatedBy1", t1."DeletedAt" AS "DeletedAt2", t1."Email" AS "Email0", t1."Gender" AS "Gender0", t1."IsActive" AS "IsActive0", t1."IsDeleted" AS "IsDeleted2", t1."LastLoginAt" AS "LastLoginAt0", t1."PasswordHash" AS "PasswordHash0", t1."Role" AS "Role0", t1."Username" AS "Username0"
    FROM "LeaveRequests" AS l
    INNER JOIN (
        SELECT u."Id", u."CreatedAt", u."CreatedBy", u."DeletedAt", u."Email", u."Gender", u."IsActive", u."IsDeleted", u."LastLoginAt", u."PasswordHash", u."Role", u."Username"
        FROM "Users" AS u
        WHERE NOT (u."IsDeleted")
    ) AS t ON l."UserId" = t."Id"
    INNER JOIN (
        SELECT l0."Id", l0."CreatedAt", l0."CreatedBy", l0."DeletedAt", l0."Description", l0."IsDeleted", l0."Name", l0."StandardLeaveCount", l0."UpdatedAt", l0."UpdatedBy"
        FROM "LeaveTypes" AS l0
        WHERE NOT (l0."IsDeleted")
    ) AS t0 ON l."LeaveTypeId" = t0."Id"
    LEFT JOIN (
        SELECT u0."Id", u0."CreatedAt", u0."CreatedBy", u0."DeletedAt", u0."Email", u0."Gender", u0."IsActive", u0."IsDeleted", u0."LastLoginAt", u0."PasswordHash", u0."Role", u0."Username"
        FROM "Users" AS u0
        WHERE NOT (u0."IsDeleted")
    ) AS t1 ON l."ReviewedById" = t1."Id"
    WHERE NOT (l."IsDeleted") AND l."Id" = @__key_0
    LIMIT 1
) AS t2
LEFT JOIN (
    SELECT l1."Id", l1."DeletedAt", l1."FileContent", l1."FileName", l1."IsDeleted", l1."LeaveRequestId", l1."UploadedAt"
    FROM "LeaveAttachments" AS l1
    WHERE NOT (l1."IsDeleted")
) AS t3 ON t2."Id" = t3."LeaveRequestId"
ORDER BY t2."Id", t2."Id0", t2."Id1", t2."Id2"
2025-07-29 17:10:28,250 [.NET TP Worker] INFO  LeaveManagementSystem.Middlewares.ExceptionHandlingMiddleware - [Incoming Request] Timestamp: 2025-07-29T11:40:28.2501460Z, Method: GET, Path: /api/v1/leave-attachments/by-leave-request/fb3a7848-ea3c-4df3-8400-64c012a0d8e6, User: Roopan
2025-07-29 17:10:28,250 [.NET TP Worker] INFO  LeaveManagementSystem.Middlewares.ExceptionHandlingMiddleware - [Incoming Request] Timestamp: 2025-07-29T11:40:28.2504590Z, Method: GET, Path: /api/v1/leave-balance/user/394381f0-2817-4544-90f1-938149322be1/leaveType/0db4c90f-3394-4ad9-a850-a5435d9b2412, User: Roopan
2025-07-29 17:10:28,251 [.NET TP Worker] INFO  LeaveManagementSystem.Controllers.LeaveBalanceController - Fetching leave balance for user ID: 394381f0-2817-4544-90f1-938149322be1 and leave type ID: 0db4c90f-3394-4ad9-a850-a5435d9b2412
2025-07-29 17:10:28,251 [.NET TP Worker] INFO  LeaveManagementSystem.Middlewares.ExceptionHandlingMiddleware - [Incoming Request] Timestamp: 2025-07-29T11:40:28.2512410Z, Method: GET, Path: /api/v1/leave-requests/fb3a7848-ea3c-4df3-8400-64c012a0d8e6/admin-override-comment, User: Roopan
2025-07-29 17:10:28,251 [.NET TP Worker] INFO  LeaveManagementSystem.Controllers.LeaveAttachmentController - Fetching attachments for LeaveRequestId: fb3a7848-ea3c-4df3-8400-64c012a0d8e6
2025-07-29 17:10:28,254 [.NET TP Worker] INFO  Microsoft.EntityFrameworkCore.Database.Command - Executed DbCommand (1ms) [Parameters=[@__leaveRequestId_0='?' (DbType = Guid)], CommandType='Text', CommandTimeout='30']
SELECT l."Id", l."AdminId", l."Comment", l."CreatedAt", l."LeaveRequestId"
FROM "LeaveRequestComments" AS l
WHERE l."LeaveRequestId" = @__leaveRequestId_0 AND l."AdminId" <> '00000000-0000-0000-0000-000000000000'
ORDER BY l."CreatedAt" DESC
LIMIT 1
2025-07-29 17:10:28,255 [.NET TP Worker] INFO  Microsoft.EntityFrameworkCore.Database.Command - Executed DbCommand (3ms) [Parameters=[@__key_0='?' (DbType = Guid)], CommandType='Text', CommandTimeout='30']
SELECT t."Id", t."CreatedAt", t."CreatedBy", t."DeletedAt", t."Email", t."Gender", t."IsActive", t."IsDeleted", t."LastLoginAt", t."PasswordHash", t."Role", t."Username", t0."Id", t0."LeaveTypeId", t0."TotalLeaves", t0."UsedLeaves", t0."UserId", t0."Id0", t0."CreatedAt", t0."CreatedBy", t0."DeletedAt", t0."Description", t0."IsDeleted", t0."Name", t0."StandardLeaveCount", t0."UpdatedAt", t0."UpdatedBy", t2."Id", t2."CreatedAt", t2."DeletedAt", t2."EndDate", t2."IsDeleted", t2."LeaveTypeId", t2."Reason", t2."ReviewedById", t2."StartDate", t2."Status", t2."UpdatedAt", t2."UserId", t2."Id0", t2."CreatedAt0", t2."CreatedBy", t2."DeletedAt0", t2."Description", t2."IsDeleted0", t2."Name", t2."StandardLeaveCount", t2."UpdatedAt0", t2."UpdatedBy", t2."Id1", t2."CreatedAt1", t2."CreatedBy0", t2."DeletedAt1", t2."Email", t2."Gender", t2."IsActive", t2."IsDeleted1", t2."LastLoginAt", t2."PasswordHash", t2."Role", t2."Username"
FROM (
    SELECT u."Id", u."CreatedAt", u."CreatedBy", u."DeletedAt", u."Email", u."Gender", u."IsActive", u."IsDeleted", u."LastLoginAt", u."PasswordHash", u."Role", u."Username"
    FROM "Users" AS u
    WHERE NOT (u."IsDeleted") AND u."Id" = @__key_0 AND NOT (u."IsDeleted")
    LIMIT 1
) AS t
LEFT JOIN (
    SELECT l."Id", l."LeaveTypeId", l."TotalLeaves", l."UsedLeaves", l."UserId", t1."Id" AS "Id0", t1."CreatedAt", t1."CreatedBy", t1."DeletedAt", t1."Description", t1."IsDeleted", t1."Name", t1."StandardLeaveCount", t1."UpdatedAt", t1."UpdatedBy"
    FROM "LeaveBalances" AS l
    INNER JOIN (
        SELECT l0."Id", l0."CreatedAt", l0."CreatedBy", l0."DeletedAt", l0."Description", l0."IsDeleted", l0."Name", l0."StandardLeaveCount", l0."UpdatedAt", l0."UpdatedBy"
        FROM "LeaveTypes" AS l0
        WHERE NOT (l0."IsDeleted")
    ) AS t1 ON l."LeaveTypeId" = t1."Id"
) AS t0 ON t."Id" = t0."UserId"
LEFT JOIN (
    SELECT l1."Id", l1."CreatedAt", l1."DeletedAt", l1."EndDate", l1."IsDeleted", l1."LeaveTypeId", l1."Reason", l1."ReviewedById", l1."StartDate", l1."Status", l1."UpdatedAt", l1."UserId", t3."Id" AS "Id0", t3."CreatedAt" AS "CreatedAt0", t3."CreatedBy", t3."DeletedAt" AS "DeletedAt0", t3."Description", t3."IsDeleted" AS "IsDeleted0", t3."Name", t3."StandardLeaveCount", t3."UpdatedAt" AS "UpdatedAt0", t3."UpdatedBy", t4."Id" AS "Id1", t4."CreatedAt" AS "CreatedAt1", t4."CreatedBy" AS "CreatedBy0", t4."DeletedAt" AS "DeletedAt1", t4."Email", t4."Gender", t4."IsActive", t4."IsDeleted" AS "IsDeleted1", t4."LastLoginAt", t4."PasswordHash", t4."Role", t4."Username"
    FROM "LeaveRequests" AS l1
    INNER JOIN (
        SELECT l2."Id", l2."CreatedAt", l2."CreatedBy", l2."DeletedAt", l2."Description", l2."IsDeleted", l2."Name", l2."StandardLeaveCount", l2."UpdatedAt", l2."UpdatedBy"
        FROM "LeaveTypes" AS l2
        WHERE NOT (l2."IsDeleted")
    ) AS t3 ON l1."LeaveTypeId" = t3."Id"
    LEFT JOIN (
        SELECT u0."Id", u0."CreatedAt", u0."CreatedBy", u0."DeletedAt", u0."Email", u0."Gender", u0."IsActive", u0."IsDeleted", u0."LastLoginAt", u0."PasswordHash", u0."Role", u0."Username"
        FROM "Users" AS u0
        WHERE NOT (u0."IsDeleted")
    ) AS t4 ON l1."ReviewedById" = t4."Id"
    WHERE NOT (l1."IsDeleted")
) AS t2 ON t."Id" = t2."UserId"
ORDER BY t."Id", t0."Id", t0."Id0", t2."Id", t2."Id0"
2025-07-29 17:10:28,255 [.NET TP Worker] INFO  Microsoft.EntityFrameworkCore.Database.Command - Executed DbCommand (3ms) [Parameters=[@__key_0='?' (DbType = Guid)], CommandType='Text', CommandTimeout='30']
SELECT t2."Id", t2."CreatedAt", t2."DeletedAt", t2."EndDate", t2."IsDeleted", t2."LeaveTypeId", t2."Reason", t2."ReviewedById", t2."StartDate", t2."Status", t2."UpdatedAt", t2."UserId", t2."Id0", t2."CreatedAt0", t2."CreatedBy", t2."DeletedAt0", t2."Email", t2."Gender", t2."IsActive", t2."IsDeleted0", t2."LastLoginAt", t2."PasswordHash", t2."Role", t2."Username", t2."Id1", t2."CreatedAt1", t2."CreatedBy0", t2."DeletedAt1", t2."Description", t2."IsDeleted1", t2."Name", t2."StandardLeaveCount", t2."UpdatedAt0", t2."UpdatedBy", t2."Id2", t2."CreatedAt2", t2."CreatedBy1", t2."DeletedAt2", t2."Email0", t2."Gender0", t2."IsActive0", t2."IsDeleted2", t2."LastLoginAt0", t2."PasswordHash0", t2."Role0", t2."Username0", t3."Id", t3."DeletedAt", t3."FileContent", t3."FileName", t3."IsDeleted", t3."LeaveRequestId", t3."UploadedAt"
FROM (
    SELECT l."Id", l."CreatedAt", l."DeletedAt", l."EndDate", l."IsDeleted", l."LeaveTypeId", l."Reason", l."ReviewedById", l."StartDate", l."Status", l."UpdatedAt", l."UserId", t."Id" AS "Id0", t."CreatedAt" AS "CreatedAt0", t."CreatedBy", t."DeletedAt" AS "DeletedAt0", t."Email", t."Gender", t."IsActive", t."IsDeleted" AS "IsDeleted0", t."LastLoginAt", t."PasswordHash", t."Role", t."Username", t0."Id" AS "Id1", t0."CreatedAt" AS "CreatedAt1", t0."CreatedBy" AS "CreatedBy0", t0."DeletedAt" AS "DeletedAt1", t0."Description", t0."IsDeleted" AS "IsDeleted1", t0."Name", t0."StandardLeaveCount", t0."UpdatedAt" AS "UpdatedAt0", t0."UpdatedBy", t1."Id" AS "Id2", t1."CreatedAt" AS "CreatedAt2", t1."CreatedBy" AS "CreatedBy1", t1."DeletedAt" AS "DeletedAt2", t1."Email" AS "Email0", t1."Gender" AS "Gender0", t1."IsActive" AS "IsActive0", t1."IsDeleted" AS "IsDeleted2", t1."LastLoginAt" AS "LastLoginAt0", t1."PasswordHash" AS "PasswordHash0", t1."Role" AS "Role0", t1."Username" AS "Username0"
    FROM "LeaveRequests" AS l
    INNER JOIN (
        SELECT u."Id", u."CreatedAt", u."CreatedBy", u."DeletedAt", u."Email", u."Gender", u."IsActive", u."IsDeleted", u."LastLoginAt", u."PasswordHash", u."Role", u."Username"
        FROM "Users" AS u
        WHERE NOT (u."IsDeleted")
    ) AS t ON l."UserId" = t."Id"
    INNER JOIN (
        SELECT l0."Id", l0."CreatedAt", l0."CreatedBy", l0."DeletedAt", l0."Description", l0."IsDeleted", l0."Name", l0."StandardLeaveCount", l0."UpdatedAt", l0."UpdatedBy"
        FROM "LeaveTypes" AS l0
        WHERE NOT (l0."IsDeleted")
    ) AS t0 ON l."LeaveTypeId" = t0."Id"
    LEFT JOIN (
        SELECT u0."Id", u0."CreatedAt", u0."CreatedBy", u0."DeletedAt", u0."Email", u0."Gender", u0."IsActive", u0."IsDeleted", u0."LastLoginAt", u0."PasswordHash", u0."Role", u0."Username"
        FROM "Users" AS u0
        WHERE NOT (u0."IsDeleted")
    ) AS t1 ON l."ReviewedById" = t1."Id"
    WHERE NOT (l."IsDeleted") AND l."Id" = @__key_0
    LIMIT 1
) AS t2
LEFT JOIN (
    SELECT l1."Id", l1."DeletedAt", l1."FileContent", l1."FileName", l1."IsDeleted", l1."LeaveRequestId", l1."UploadedAt"
    FROM "LeaveAttachments" AS l1
    WHERE NOT (l1."IsDeleted")
) AS t3 ON t2."Id" = t3."LeaveRequestId"
ORDER BY t2."Id", t2."Id0", t2."Id1", t2."Id2"
2025-07-29 17:10:28,259 [.NET TP Worker] INFO  Microsoft.EntityFrameworkCore.Database.Command - Executed DbCommand (2ms) [Parameters=[], CommandType='Text', CommandTimeout='30']
SELECT l."Id", l."DeletedAt", l."FileContent", l."FileName", l."IsDeleted", l."LeaveRequestId", l."UploadedAt", t."Id", t."CreatedAt", t."DeletedAt", t."EndDate", t."IsDeleted", t."LeaveTypeId", t."Reason", t."ReviewedById", t."StartDate", t."Status", t."UpdatedAt", t."UserId"
FROM "LeaveAttachments" AS l
INNER JOIN (
    SELECT l0."Id", l0."CreatedAt", l0."DeletedAt", l0."EndDate", l0."IsDeleted", l0."LeaveTypeId", l0."Reason", l0."ReviewedById", l0."StartDate", l0."Status", l0."UpdatedAt", l0."UserId"
    FROM "LeaveRequests" AS l0
    WHERE NOT (l0."IsDeleted")
) AS t ON l."LeaveRequestId" = t."Id"
WHERE NOT (l."IsDeleted")
2025-07-29 17:10:28,260 [.NET TP Worker] WARN  LeaveManagementSystem.Controllers.LeaveAttachmentController - No attachments found for LeaveRequestId: fb3a7848-ea3c-4df3-8400-64c012a0d8e6
2025-07-29 17:19:45,355 [.NET TP Worker] INFO  LeaveManagementSystem.Middlewares.ExceptionHandlingMiddleware - [Incoming Request] Timestamp: 2025-07-29T11:49:45.3558260Z, Method: GET, Path: /api/v1/leave-requests, User: Roopan
2025-07-29 17:19:45,357 [.NET TP Worker] INFO  LeaveManagementSystem.Controllers.LeaveRequestController - Fetching all leave requests with pagination, search, filter, sort parameters.
2025-07-29 17:19:45,378 [.NET TP Worker] INFO  Microsoft.EntityFrameworkCore.Database.Command - Executed DbCommand (8ms) [Parameters=[], CommandType='Text', CommandTimeout='30']
SELECT l."Id", l."CreatedAt", l."DeletedAt", l."EndDate", l."IsDeleted", l."LeaveTypeId", l."Reason", l."ReviewedById", l."StartDate", l."Status", l."UpdatedAt", l."UserId", t."Id", t."CreatedAt", t."CreatedBy", t."DeletedAt", t."Email", t."Gender", t."IsActive", t."IsDeleted", t."LastLoginAt", t."PasswordHash", t."Role", t."Username", t0."Id", t0."CreatedAt", t0."CreatedBy", t0."DeletedAt", t0."Description", t0."IsDeleted", t0."Name", t0."StandardLeaveCount", t0."UpdatedAt", t0."UpdatedBy", t1."Id", t1."CreatedAt", t1."CreatedBy", t1."DeletedAt", t1."Email", t1."Gender", t1."IsActive", t1."IsDeleted", t1."LastLoginAt", t1."PasswordHash", t1."Role", t1."Username", t2."Id", t2."DeletedAt", t2."FileContent", t2."FileName", t2."IsDeleted", t2."LeaveRequestId", t2."UploadedAt"
FROM "LeaveRequests" AS l
INNER JOIN (
    SELECT u."Id", u."CreatedAt", u."CreatedBy", u."DeletedAt", u."Email", u."Gender", u."IsActive", u."IsDeleted", u."LastLoginAt", u."PasswordHash", u."Role", u."Username"
    FROM "Users" AS u
    WHERE NOT (u."IsDeleted")
) AS t ON l."UserId" = t."Id"
INNER JOIN (
    SELECT l0."Id", l0."CreatedAt", l0."CreatedBy", l0."DeletedAt", l0."Description", l0."IsDeleted", l0."Name", l0."StandardLeaveCount", l0."UpdatedAt", l0."UpdatedBy"
    FROM "LeaveTypes" AS l0
    WHERE NOT (l0."IsDeleted")
) AS t0 ON l."LeaveTypeId" = t0."Id"
LEFT JOIN (
    SELECT u0."Id", u0."CreatedAt", u0."CreatedBy", u0."DeletedAt", u0."Email", u0."Gender", u0."IsActive", u0."IsDeleted", u0."LastLoginAt", u0."PasswordHash", u0."Role", u0."Username"
    FROM "Users" AS u0
    WHERE NOT (u0."IsDeleted")
) AS t1 ON l."ReviewedById" = t1."Id"
LEFT JOIN (
    SELECT l1."Id", l1."DeletedAt", l1."FileContent", l1."FileName", l1."IsDeleted", l1."LeaveRequestId", l1."UploadedAt"
    FROM "LeaveAttachments" AS l1
    WHERE NOT (l1."IsDeleted")
) AS t2 ON l."Id" = t2."LeaveRequestId"
WHERE NOT (l."IsDeleted")
ORDER BY l."Id", t."Id", t0."Id", t1."Id"
2025-07-29 17:19:46,592 [.NET TP Worker] INFO  LeaveManagementSystem.Middlewares.ExceptionHandlingMiddleware - [Incoming Request] Timestamp: 2025-07-29T11:49:46.5929780Z, Method: GET, Path: /api/v1/leave-requests/ae8326aa-f225-41b4-bc17-0f74850ca5d7, User: Roopan
2025-07-29 17:19:46,593 [.NET TP Worker] INFO  LeaveManagementSystem.Controllers.LeaveRequestController - Fetching leave request with ID: ae8326aa-f225-41b4-bc17-0f74850ca5d7
2025-07-29 17:19:46,595 [.NET TP Worker] INFO  Microsoft.EntityFrameworkCore.Database.Command - Executed DbCommand (2ms) [Parameters=[@__key_0='?' (DbType = Guid)], CommandType='Text', CommandTimeout='30']
SELECT t2."Id", t2."CreatedAt", t2."DeletedAt", t2."EndDate", t2."IsDeleted", t2."LeaveTypeId", t2."Reason", t2."ReviewedById", t2."StartDate", t2."Status", t2."UpdatedAt", t2."UserId", t2."Id0", t2."CreatedAt0", t2."CreatedBy", t2."DeletedAt0", t2."Email", t2."Gender", t2."IsActive", t2."IsDeleted0", t2."LastLoginAt", t2."PasswordHash", t2."Role", t2."Username", t2."Id1", t2."CreatedAt1", t2."CreatedBy0", t2."DeletedAt1", t2."Description", t2."IsDeleted1", t2."Name", t2."StandardLeaveCount", t2."UpdatedAt0", t2."UpdatedBy", t2."Id2", t2."CreatedAt2", t2."CreatedBy1", t2."DeletedAt2", t2."Email0", t2."Gender0", t2."IsActive0", t2."IsDeleted2", t2."LastLoginAt0", t2."PasswordHash0", t2."Role0", t2."Username0", t3."Id", t3."DeletedAt", t3."FileContent", t3."FileName", t3."IsDeleted", t3."LeaveRequestId", t3."UploadedAt"
FROM (
    SELECT l."Id", l."CreatedAt", l."DeletedAt", l."EndDate", l."IsDeleted", l."LeaveTypeId", l."Reason", l."ReviewedById", l."StartDate", l."Status", l."UpdatedAt", l."UserId", t."Id" AS "Id0", t."CreatedAt" AS "CreatedAt0", t."CreatedBy", t."DeletedAt" AS "DeletedAt0", t."Email", t."Gender", t."IsActive", t."IsDeleted" AS "IsDeleted0", t."LastLoginAt", t."PasswordHash", t."Role", t."Username", t0."Id" AS "Id1", t0."CreatedAt" AS "CreatedAt1", t0."CreatedBy" AS "CreatedBy0", t0."DeletedAt" AS "DeletedAt1", t0."Description", t0."IsDeleted" AS "IsDeleted1", t0."Name", t0."StandardLeaveCount", t0."UpdatedAt" AS "UpdatedAt0", t0."UpdatedBy", t1."Id" AS "Id2", t1."CreatedAt" AS "CreatedAt2", t1."CreatedBy" AS "CreatedBy1", t1."DeletedAt" AS "DeletedAt2", t1."Email" AS "Email0", t1."Gender" AS "Gender0", t1."IsActive" AS "IsActive0", t1."IsDeleted" AS "IsDeleted2", t1."LastLoginAt" AS "LastLoginAt0", t1."PasswordHash" AS "PasswordHash0", t1."Role" AS "Role0", t1."Username" AS "Username0"
    FROM "LeaveRequests" AS l
    INNER JOIN (
        SELECT u."Id", u."CreatedAt", u."CreatedBy", u."DeletedAt", u."Email", u."Gender", u."IsActive", u."IsDeleted", u."LastLoginAt", u."PasswordHash", u."Role", u."Username"
        FROM "Users" AS u
        WHERE NOT (u."IsDeleted")
    ) AS t ON l."UserId" = t."Id"
    INNER JOIN (
        SELECT l0."Id", l0."CreatedAt", l0."CreatedBy", l0."DeletedAt", l0."Description", l0."IsDeleted", l0."Name", l0."StandardLeaveCount", l0."UpdatedAt", l0."UpdatedBy"
        FROM "LeaveTypes" AS l0
        WHERE NOT (l0."IsDeleted")
    ) AS t0 ON l."LeaveTypeId" = t0."Id"
    LEFT JOIN (
        SELECT u0."Id", u0."CreatedAt", u0."CreatedBy", u0."DeletedAt", u0."Email", u0."Gender", u0."IsActive", u0."IsDeleted", u0."LastLoginAt", u0."PasswordHash", u0."Role", u0."Username"
        FROM "Users" AS u0
        WHERE NOT (u0."IsDeleted")
    ) AS t1 ON l."ReviewedById" = t1."Id"
    WHERE NOT (l."IsDeleted") AND l."Id" = @__key_0
    LIMIT 1
) AS t2
LEFT JOIN (
    SELECT l1."Id", l1."DeletedAt", l1."FileContent", l1."FileName", l1."IsDeleted", l1."LeaveRequestId", l1."UploadedAt"
    FROM "LeaveAttachments" AS l1
    WHERE NOT (l1."IsDeleted")
) AS t3 ON t2."Id" = t3."LeaveRequestId"
ORDER BY t2."Id", t2."Id0", t2."Id1", t2."Id2"
2025-07-29 17:19:46,604 [.NET TP Worker] INFO  LeaveManagementSystem.Middlewares.ExceptionHandlingMiddleware - [Incoming Request] Timestamp: 2025-07-29T11:49:46.6049150Z, Method: GET, Path: /api/v1/leave-attachments/by-leave-request/ae8326aa-f225-41b4-bc17-0f74850ca5d7, User: Roopan
2025-07-29 17:19:46,605 [.NET TP Worker] INFO  LeaveManagementSystem.Middlewares.ExceptionHandlingMiddleware - [Incoming Request] Timestamp: 2025-07-29T11:49:46.6053680Z, Method: GET, Path: /api/v1/leave-balance/user/394381f0-2817-4544-90f1-938149322be1/leaveType/0db4c90f-3394-4ad9-a850-a5435d9b2412, User: Roopan
2025-07-29 17:19:46,605 [.NET TP Worker] INFO  LeaveManagementSystem.Controllers.LeaveAttachmentController - Fetching attachments for LeaveRequestId: ae8326aa-f225-41b4-bc17-0f74850ca5d7
2025-07-29 17:19:46,606 [.NET TP Worker] INFO  LeaveManagementSystem.Controllers.LeaveBalanceController - Fetching leave balance for user ID: 394381f0-2817-4544-90f1-938149322be1 and leave type ID: 0db4c90f-3394-4ad9-a850-a5435d9b2412
2025-07-29 17:19:46,606 [.NET TP Worker] INFO  LeaveManagementSystem.Middlewares.ExceptionHandlingMiddleware - [Incoming Request] Timestamp: 2025-07-29T11:49:46.6061730Z, Method: GET, Path: /api/v1/leave-requests/ae8326aa-f225-41b4-bc17-0f74850ca5d7/admin-override-comment, User: Roopan
2025-07-29 17:19:46,609 [.NET TP Worker] INFO  Microsoft.EntityFrameworkCore.Database.Command - Executed DbCommand (3ms) [Parameters=[@__key_0='?' (DbType = Guid)], CommandType='Text', CommandTimeout='30']
SELECT t2."Id", t2."CreatedAt", t2."DeletedAt", t2."EndDate", t2."IsDeleted", t2."LeaveTypeId", t2."Reason", t2."ReviewedById", t2."StartDate", t2."Status", t2."UpdatedAt", t2."UserId", t2."Id0", t2."CreatedAt0", t2."CreatedBy", t2."DeletedAt0", t2."Email", t2."Gender", t2."IsActive", t2."IsDeleted0", t2."LastLoginAt", t2."PasswordHash", t2."Role", t2."Username", t2."Id1", t2."CreatedAt1", t2."CreatedBy0", t2."DeletedAt1", t2."Description", t2."IsDeleted1", t2."Name", t2."StandardLeaveCount", t2."UpdatedAt0", t2."UpdatedBy", t2."Id2", t2."CreatedAt2", t2."CreatedBy1", t2."DeletedAt2", t2."Email0", t2."Gender0", t2."IsActive0", t2."IsDeleted2", t2."LastLoginAt0", t2."PasswordHash0", t2."Role0", t2."Username0", t3."Id", t3."DeletedAt", t3."FileContent", t3."FileName", t3."IsDeleted", t3."LeaveRequestId", t3."UploadedAt"
FROM (
    SELECT l."Id", l."CreatedAt", l."DeletedAt", l."EndDate", l."IsDeleted", l."LeaveTypeId", l."Reason", l."ReviewedById", l."StartDate", l."Status", l."UpdatedAt", l."UserId", t."Id" AS "Id0", t."CreatedAt" AS "CreatedAt0", t."CreatedBy", t."DeletedAt" AS "DeletedAt0", t."Email", t."Gender", t."IsActive", t."IsDeleted" AS "IsDeleted0", t."LastLoginAt", t."PasswordHash", t."Role", t."Username", t0."Id" AS "Id1", t0."CreatedAt" AS "CreatedAt1", t0."CreatedBy" AS "CreatedBy0", t0."DeletedAt" AS "DeletedAt1", t0."Description", t0."IsDeleted" AS "IsDeleted1", t0."Name", t0."StandardLeaveCount", t0."UpdatedAt" AS "UpdatedAt0", t0."UpdatedBy", t1."Id" AS "Id2", t1."CreatedAt" AS "CreatedAt2", t1."CreatedBy" AS "CreatedBy1", t1."DeletedAt" AS "DeletedAt2", t1."Email" AS "Email0", t1."Gender" AS "Gender0", t1."IsActive" AS "IsActive0", t1."IsDeleted" AS "IsDeleted2", t1."LastLoginAt" AS "LastLoginAt0", t1."PasswordHash" AS "PasswordHash0", t1."Role" AS "Role0", t1."Username" AS "Username0"
    FROM "LeaveRequests" AS l
    INNER JOIN (
        SELECT u."Id", u."CreatedAt", u."CreatedBy", u."DeletedAt", u."Email", u."Gender", u."IsActive", u."IsDeleted", u."LastLoginAt", u."PasswordHash", u."Role", u."Username"
        FROM "Users" AS u
        WHERE NOT (u."IsDeleted")
    ) AS t ON l."UserId" = t."Id"
    INNER JOIN (
        SELECT l0."Id", l0."CreatedAt", l0."CreatedBy", l0."DeletedAt", l0."Description", l0."IsDeleted", l0."Name", l0."StandardLeaveCount", l0."UpdatedAt", l0."UpdatedBy"
        FROM "LeaveTypes" AS l0
        WHERE NOT (l0."IsDeleted")
    ) AS t0 ON l."LeaveTypeId" = t0."Id"
    LEFT JOIN (
        SELECT u0."Id", u0."CreatedAt", u0."CreatedBy", u0."DeletedAt", u0."Email", u0."Gender", u0."IsActive", u0."IsDeleted", u0."LastLoginAt", u0."PasswordHash", u0."Role", u0."Username"
        FROM "Users" AS u0
        WHERE NOT (u0."IsDeleted")
    ) AS t1 ON l."ReviewedById" = t1."Id"
    WHERE NOT (l."IsDeleted") AND l."Id" = @__key_0
    LIMIT 1
) AS t2
LEFT JOIN (
    SELECT l1."Id", l1."DeletedAt", l1."FileContent", l1."FileName", l1."IsDeleted", l1."LeaveRequestId", l1."UploadedAt"
    FROM "LeaveAttachments" AS l1
    WHERE NOT (l1."IsDeleted")
) AS t3 ON t2."Id" = t3."LeaveRequestId"
ORDER BY t2."Id", t2."Id0", t2."Id1", t2."Id2"
2025-07-29 17:19:46,610 [.NET TP Worker] INFO  Microsoft.EntityFrameworkCore.Database.Command - Executed DbCommand (1ms) [Parameters=[], CommandType='Text', CommandTimeout='30']
SELECT l."Id", l."DeletedAt", l."FileContent", l."FileName", l."IsDeleted", l."LeaveRequestId", l."UploadedAt", t."Id", t."CreatedAt", t."DeletedAt", t."EndDate", t."IsDeleted", t."LeaveTypeId", t."Reason", t."ReviewedById", t."StartDate", t."Status", t."UpdatedAt", t."UserId"
FROM "LeaveAttachments" AS l
INNER JOIN (
    SELECT l0."Id", l0."CreatedAt", l0."DeletedAt", l0."EndDate", l0."IsDeleted", l0."LeaveTypeId", l0."Reason", l0."ReviewedById", l0."StartDate", l0."Status", l0."UpdatedAt", l0."UserId"
    FROM "LeaveRequests" AS l0
    WHERE NOT (l0."IsDeleted")
) AS t ON l."LeaveRequestId" = t."Id"
WHERE NOT (l."IsDeleted")
2025-07-29 17:19:46,610 [.NET TP Worker] WARN  LeaveManagementSystem.Controllers.LeaveAttachmentController - No attachments found for LeaveRequestId: ae8326aa-f225-41b4-bc17-0f74850ca5d7
2025-07-29 17:19:46,617 [.NET TP Worker] INFO  Microsoft.EntityFrameworkCore.Database.Command - Executed DbCommand (3ms) [Parameters=[@__leaveRequestId_0='?' (DbType = Guid)], CommandType='Text', CommandTimeout='30']
SELECT l."Id", l."AdminId", l."Comment", l."CreatedAt", l."LeaveRequestId"
FROM "LeaveRequestComments" AS l
WHERE l."LeaveRequestId" = @__leaveRequestId_0 AND l."AdminId" <> '00000000-0000-0000-0000-000000000000'
ORDER BY l."CreatedAt" DESC
LIMIT 1
2025-07-29 17:19:46,621 [.NET TP Worker] INFO  Microsoft.EntityFrameworkCore.Database.Command - Executed DbCommand (8ms) [Parameters=[@__key_0='?' (DbType = Guid)], CommandType='Text', CommandTimeout='30']
SELECT t."Id", t."CreatedAt", t."CreatedBy", t."DeletedAt", t."Email", t."Gender", t."IsActive", t."IsDeleted", t."LastLoginAt", t."PasswordHash", t."Role", t."Username", t0."Id", t0."LeaveTypeId", t0."TotalLeaves", t0."UsedLeaves", t0."UserId", t0."Id0", t0."CreatedAt", t0."CreatedBy", t0."DeletedAt", t0."Description", t0."IsDeleted", t0."Name", t0."StandardLeaveCount", t0."UpdatedAt", t0."UpdatedBy", t2."Id", t2."CreatedAt", t2."DeletedAt", t2."EndDate", t2."IsDeleted", t2."LeaveTypeId", t2."Reason", t2."ReviewedById", t2."StartDate", t2."Status", t2."UpdatedAt", t2."UserId", t2."Id0", t2."CreatedAt0", t2."CreatedBy", t2."DeletedAt0", t2."Description", t2."IsDeleted0", t2."Name", t2."StandardLeaveCount", t2."UpdatedAt0", t2."UpdatedBy", t2."Id1", t2."CreatedAt1", t2."CreatedBy0", t2."DeletedAt1", t2."Email", t2."Gender", t2."IsActive", t2."IsDeleted1", t2."LastLoginAt", t2."PasswordHash", t2."Role", t2."Username"
FROM (
    SELECT u."Id", u."CreatedAt", u."CreatedBy", u."DeletedAt", u."Email", u."Gender", u."IsActive", u."IsDeleted", u."LastLoginAt", u."PasswordHash", u."Role", u."Username"
    FROM "Users" AS u
    WHERE NOT (u."IsDeleted") AND u."Id" = @__key_0 AND NOT (u."IsDeleted")
    LIMIT 1
) AS t
LEFT JOIN (
    SELECT l."Id", l."LeaveTypeId", l."TotalLeaves", l."UsedLeaves", l."UserId", t1."Id" AS "Id0", t1."CreatedAt", t1."CreatedBy", t1."DeletedAt", t1."Description", t1."IsDeleted", t1."Name", t1."StandardLeaveCount", t1."UpdatedAt", t1."UpdatedBy"
    FROM "LeaveBalances" AS l
    INNER JOIN (
        SELECT l0."Id", l0."CreatedAt", l0."CreatedBy", l0."DeletedAt", l0."Description", l0."IsDeleted", l0."Name", l0."StandardLeaveCount", l0."UpdatedAt", l0."UpdatedBy"
        FROM "LeaveTypes" AS l0
        WHERE NOT (l0."IsDeleted")
    ) AS t1 ON l."LeaveTypeId" = t1."Id"
) AS t0 ON t."Id" = t0."UserId"
LEFT JOIN (
    SELECT l1."Id", l1."CreatedAt", l1."DeletedAt", l1."EndDate", l1."IsDeleted", l1."LeaveTypeId", l1."Reason", l1."ReviewedById", l1."StartDate", l1."Status", l1."UpdatedAt", l1."UserId", t3."Id" AS "Id0", t3."CreatedAt" AS "CreatedAt0", t3."CreatedBy", t3."DeletedAt" AS "DeletedAt0", t3."Description", t3."IsDeleted" AS "IsDeleted0", t3."Name", t3."StandardLeaveCount", t3."UpdatedAt" AS "UpdatedAt0", t3."UpdatedBy", t4."Id" AS "Id1", t4."CreatedAt" AS "CreatedAt1", t4."CreatedBy" AS "CreatedBy0", t4."DeletedAt" AS "DeletedAt1", t4."Email", t4."Gender", t4."IsActive", t4."IsDeleted" AS "IsDeleted1", t4."LastLoginAt", t4."PasswordHash", t4."Role", t4."Username"
    FROM "LeaveRequests" AS l1
    INNER JOIN (
        SELECT l2."Id", l2."CreatedAt", l2."CreatedBy", l2."DeletedAt", l2."Description", l2."IsDeleted", l2."Name", l2."StandardLeaveCount", l2."UpdatedAt", l2."UpdatedBy"
        FROM "LeaveTypes" AS l2
        WHERE NOT (l2."IsDeleted")
    ) AS t3 ON l1."LeaveTypeId" = t3."Id"
    LEFT JOIN (
        SELECT u0."Id", u0."CreatedAt", u0."CreatedBy", u0."DeletedAt", u0."Email", u0."Gender", u0."IsActive", u0."IsDeleted", u0."LastLoginAt", u0."PasswordHash", u0."Role", u0."Username"
        FROM "Users" AS u0
        WHERE NOT (u0."IsDeleted")
    ) AS t4 ON l1."ReviewedById" = t4."Id"
    WHERE NOT (l1."IsDeleted")
) AS t2 ON t."Id" = t2."UserId"
ORDER BY t."Id", t0."Id", t0."Id0", t2."Id", t2."Id0"
2025-07-29 17:19:49,989 [.NET TP Worker] INFO  LeaveManagementSystem.Middlewares.ExceptionHandlingMiddleware - [Incoming Request] Timestamp: 2025-07-29T11:49:49.9892740Z, Method: GET, Path: /api/v1/leave-requests, User: Roopan
2025-07-29 17:19:49,989 [.NET TP Worker] INFO  LeaveManagementSystem.Controllers.LeaveRequestController - Fetching all leave requests with pagination, search, filter, sort parameters.
2025-07-29 17:19:49,991 [.NET TP Worker] INFO  Microsoft.EntityFrameworkCore.Database.Command - Executed DbCommand (2ms) [Parameters=[], CommandType='Text', CommandTimeout='30']
SELECT l."Id", l."CreatedAt", l."DeletedAt", l."EndDate", l."IsDeleted", l."LeaveTypeId", l."Reason", l."ReviewedById", l."StartDate", l."Status", l."UpdatedAt", l."UserId", t."Id", t."CreatedAt", t."CreatedBy", t."DeletedAt", t."Email", t."Gender", t."IsActive", t."IsDeleted", t."LastLoginAt", t."PasswordHash", t."Role", t."Username", t0."Id", t0."CreatedAt", t0."CreatedBy", t0."DeletedAt", t0."Description", t0."IsDeleted", t0."Name", t0."StandardLeaveCount", t0."UpdatedAt", t0."UpdatedBy", t1."Id", t1."CreatedAt", t1."CreatedBy", t1."DeletedAt", t1."Email", t1."Gender", t1."IsActive", t1."IsDeleted", t1."LastLoginAt", t1."PasswordHash", t1."Role", t1."Username", t2."Id", t2."DeletedAt", t2."FileContent", t2."FileName", t2."IsDeleted", t2."LeaveRequestId", t2."UploadedAt"
FROM "LeaveRequests" AS l
INNER JOIN (
    SELECT u."Id", u."CreatedAt", u."CreatedBy", u."DeletedAt", u."Email", u."Gender", u."IsActive", u."IsDeleted", u."LastLoginAt", u."PasswordHash", u."Role", u."Username"
    FROM "Users" AS u
    WHERE NOT (u."IsDeleted")
) AS t ON l."UserId" = t."Id"
INNER JOIN (
    SELECT l0."Id", l0."CreatedAt", l0."CreatedBy", l0."DeletedAt", l0."Description", l0."IsDeleted", l0."Name", l0."StandardLeaveCount", l0."UpdatedAt", l0."UpdatedBy"
    FROM "LeaveTypes" AS l0
    WHERE NOT (l0."IsDeleted")
) AS t0 ON l."LeaveTypeId" = t0."Id"
LEFT JOIN (
    SELECT u0."Id", u0."CreatedAt", u0."CreatedBy", u0."DeletedAt", u0."Email", u0."Gender", u0."IsActive", u0."IsDeleted", u0."LastLoginAt", u0."PasswordHash", u0."Role", u0."Username"
    FROM "Users" AS u0
    WHERE NOT (u0."IsDeleted")
) AS t1 ON l."ReviewedById" = t1."Id"
LEFT JOIN (
    SELECT l1."Id", l1."DeletedAt", l1."FileContent", l1."FileName", l1."IsDeleted", l1."LeaveRequestId", l1."UploadedAt"
    FROM "LeaveAttachments" AS l1
    WHERE NOT (l1."IsDeleted")
) AS t2 ON l."Id" = t2."LeaveRequestId"
WHERE NOT (l."IsDeleted")
ORDER BY l."Id", t."Id", t0."Id", t1."Id"
2025-07-29 17:19:53,388 [.NET TP Worker] INFO  LeaveManagementSystem.Middlewares.ExceptionHandlingMiddleware - [Incoming Request] Timestamp: 2025-07-29T11:49:53.3880470Z, Method: GET, Path: /api/v1/leave-requests/541d4ed7-3447-46b7-a65c-304e5626c865, User: Roopan
2025-07-29 17:19:53,388 [.NET TP Worker] INFO  LeaveManagementSystem.Controllers.LeaveRequestController - Fetching leave request with ID: 541d4ed7-3447-46b7-a65c-304e5626c865
2025-07-29 17:19:53,393 [.NET TP Worker] INFO  Microsoft.EntityFrameworkCore.Database.Command - Executed DbCommand (4ms) [Parameters=[@__key_0='?' (DbType = Guid)], CommandType='Text', CommandTimeout='30']
SELECT t2."Id", t2."CreatedAt", t2."DeletedAt", t2."EndDate", t2."IsDeleted", t2."LeaveTypeId", t2."Reason", t2."ReviewedById", t2."StartDate", t2."Status", t2."UpdatedAt", t2."UserId", t2."Id0", t2."CreatedAt0", t2."CreatedBy", t2."DeletedAt0", t2."Email", t2."Gender", t2."IsActive", t2."IsDeleted0", t2."LastLoginAt", t2."PasswordHash", t2."Role", t2."Username", t2."Id1", t2."CreatedAt1", t2."CreatedBy0", t2."DeletedAt1", t2."Description", t2."IsDeleted1", t2."Name", t2."StandardLeaveCount", t2."UpdatedAt0", t2."UpdatedBy", t2."Id2", t2."CreatedAt2", t2."CreatedBy1", t2."DeletedAt2", t2."Email0", t2."Gender0", t2."IsActive0", t2."IsDeleted2", t2."LastLoginAt0", t2."PasswordHash0", t2."Role0", t2."Username0", t3."Id", t3."DeletedAt", t3."FileContent", t3."FileName", t3."IsDeleted", t3."LeaveRequestId", t3."UploadedAt"
FROM (
    SELECT l."Id", l."CreatedAt", l."DeletedAt", l."EndDate", l."IsDeleted", l."LeaveTypeId", l."Reason", l."ReviewedById", l."StartDate", l."Status", l."UpdatedAt", l."UserId", t."Id" AS "Id0", t."CreatedAt" AS "CreatedAt0", t."CreatedBy", t."DeletedAt" AS "DeletedAt0", t."Email", t."Gender", t."IsActive", t."IsDeleted" AS "IsDeleted0", t."LastLoginAt", t."PasswordHash", t."Role", t."Username", t0."Id" AS "Id1", t0."CreatedAt" AS "CreatedAt1", t0."CreatedBy" AS "CreatedBy0", t0."DeletedAt" AS "DeletedAt1", t0."Description", t0."IsDeleted" AS "IsDeleted1", t0."Name", t0."StandardLeaveCount", t0."UpdatedAt" AS "UpdatedAt0", t0."UpdatedBy", t1."Id" AS "Id2", t1."CreatedAt" AS "CreatedAt2", t1."CreatedBy" AS "CreatedBy1", t1."DeletedAt" AS "DeletedAt2", t1."Email" AS "Email0", t1."Gender" AS "Gender0", t1."IsActive" AS "IsActive0", t1."IsDeleted" AS "IsDeleted2", t1."LastLoginAt" AS "LastLoginAt0", t1."PasswordHash" AS "PasswordHash0", t1."Role" AS "Role0", t1."Username" AS "Username0"
    FROM "LeaveRequests" AS l
    INNER JOIN (
        SELECT u."Id", u."CreatedAt", u."CreatedBy", u."DeletedAt", u."Email", u."Gender", u."IsActive", u."IsDeleted", u."LastLoginAt", u."PasswordHash", u."Role", u."Username"
        FROM "Users" AS u
        WHERE NOT (u."IsDeleted")
    ) AS t ON l."UserId" = t."Id"
    INNER JOIN (
        SELECT l0."Id", l0."CreatedAt", l0."CreatedBy", l0."DeletedAt", l0."Description", l0."IsDeleted", l0."Name", l0."StandardLeaveCount", l0."UpdatedAt", l0."UpdatedBy"
        FROM "LeaveTypes" AS l0
        WHERE NOT (l0."IsDeleted")
    ) AS t0 ON l."LeaveTypeId" = t0."Id"
    LEFT JOIN (
        SELECT u0."Id", u0."CreatedAt", u0."CreatedBy", u0."DeletedAt", u0."Email", u0."Gender", u0."IsActive", u0."IsDeleted", u0."LastLoginAt", u0."PasswordHash", u0."Role", u0."Username"
        FROM "Users" AS u0
        WHERE NOT (u0."IsDeleted")
    ) AS t1 ON l."ReviewedById" = t1."Id"
    WHERE NOT (l."IsDeleted") AND l."Id" = @__key_0
    LIMIT 1
) AS t2
LEFT JOIN (
    SELECT l1."Id", l1."DeletedAt", l1."FileContent", l1."FileName", l1."IsDeleted", l1."LeaveRequestId", l1."UploadedAt"
    FROM "LeaveAttachments" AS l1
    WHERE NOT (l1."IsDeleted")
) AS t3 ON t2."Id" = t3."LeaveRequestId"
ORDER BY t2."Id", t2."Id0", t2."Id1", t2."Id2"
2025-07-29 17:19:53,413 [.NET TP Worker] INFO  LeaveManagementSystem.Middlewares.ExceptionHandlingMiddleware - [Incoming Request] Timestamp: 2025-07-29T11:49:53.4135030Z, Method: GET, Path: /api/v1/leave-attachments/by-leave-request/541d4ed7-3447-46b7-a65c-304e5626c865, User: Roopan
2025-07-29 17:19:53,413 [.NET TP Worker] INFO  LeaveManagementSystem.Middlewares.ExceptionHandlingMiddleware - [Incoming Request] Timestamp: 2025-07-29T11:49:53.4139870Z, Method: GET, Path: /api/v1/leave-balance/user/394381f0-2817-4544-90f1-938149322be1/leaveType/0db4c90f-3394-4ad9-a850-a5435d9b2412, User: Roopan
2025-07-29 17:19:53,414 [.NET TP Worker] INFO  LeaveManagementSystem.Controllers.LeaveAttachmentController - Fetching attachments for LeaveRequestId: 541d4ed7-3447-46b7-a65c-304e5626c865
2025-07-29 17:19:53,414 [.NET TP Worker] INFO  LeaveManagementSystem.Middlewares.ExceptionHandlingMiddleware - [Incoming Request] Timestamp: 2025-07-29T11:49:53.4141510Z, Method: GET, Path: /api/v1/leave-requests/541d4ed7-3447-46b7-a65c-304e5626c865/admin-override-comment, User: Roopan
2025-07-29 17:19:53,414 [.NET TP Worker] INFO  LeaveManagementSystem.Controllers.LeaveBalanceController - Fetching leave balance for user ID: 394381f0-2817-4544-90f1-938149322be1 and leave type ID: 0db4c90f-3394-4ad9-a850-a5435d9b2412
2025-07-29 17:19:53,417 [.NET TP Worker] INFO  Microsoft.EntityFrameworkCore.Database.Command - Executed DbCommand (1ms) [Parameters=[@__leaveRequestId_0='?' (DbType = Guid)], CommandType='Text', CommandTimeout='30']
SELECT l."Id", l."AdminId", l."Comment", l."CreatedAt", l."LeaveRequestId"
FROM "LeaveRequestComments" AS l
WHERE l."LeaveRequestId" = @__leaveRequestId_0 AND l."AdminId" <> '00000000-0000-0000-0000-000000000000'
ORDER BY l."CreatedAt" DESC
LIMIT 1
2025-07-29 17:19:53,421 [.NET TP Worker] INFO  Microsoft.EntityFrameworkCore.Database.Command - Executed DbCommand (6ms) [Parameters=[@__key_0='?' (DbType = Guid)], CommandType='Text', CommandTimeout='30']
SELECT t."Id", t."CreatedAt", t."CreatedBy", t."DeletedAt", t."Email", t."Gender", t."IsActive", t."IsDeleted", t."LastLoginAt", t."PasswordHash", t."Role", t."Username", t0."Id", t0."LeaveTypeId", t0."TotalLeaves", t0."UsedLeaves", t0."UserId", t0."Id0", t0."CreatedAt", t0."CreatedBy", t0."DeletedAt", t0."Description", t0."IsDeleted", t0."Name", t0."StandardLeaveCount", t0."UpdatedAt", t0."UpdatedBy", t2."Id", t2."CreatedAt", t2."DeletedAt", t2."EndDate", t2."IsDeleted", t2."LeaveTypeId", t2."Reason", t2."ReviewedById", t2."StartDate", t2."Status", t2."UpdatedAt", t2."UserId", t2."Id0", t2."CreatedAt0", t2."CreatedBy", t2."DeletedAt0", t2."Description", t2."IsDeleted0", t2."Name", t2."StandardLeaveCount", t2."UpdatedAt0", t2."UpdatedBy", t2."Id1", t2."CreatedAt1", t2."CreatedBy0", t2."DeletedAt1", t2."Email", t2."Gender", t2."IsActive", t2."IsDeleted1", t2."LastLoginAt", t2."PasswordHash", t2."Role", t2."Username"
FROM (
    SELECT u."Id", u."CreatedAt", u."CreatedBy", u."DeletedAt", u."Email", u."Gender", u."IsActive", u."IsDeleted", u."LastLoginAt", u."PasswordHash", u."Role", u."Username"
    FROM "Users" AS u
    WHERE NOT (u."IsDeleted") AND u."Id" = @__key_0 AND NOT (u."IsDeleted")
    LIMIT 1
) AS t
LEFT JOIN (
    SELECT l."Id", l."LeaveTypeId", l."TotalLeaves", l."UsedLeaves", l."UserId", t1."Id" AS "Id0", t1."CreatedAt", t1."CreatedBy", t1."DeletedAt", t1."Description", t1."IsDeleted", t1."Name", t1."StandardLeaveCount", t1."UpdatedAt", t1."UpdatedBy"
    FROM "LeaveBalances" AS l
    INNER JOIN (
        SELECT l0."Id", l0."CreatedAt", l0."CreatedBy", l0."DeletedAt", l0."Description", l0."IsDeleted", l0."Name", l0."StandardLeaveCount", l0."UpdatedAt", l0."UpdatedBy"
        FROM "LeaveTypes" AS l0
        WHERE NOT (l0."IsDeleted")
    ) AS t1 ON l."LeaveTypeId" = t1."Id"
) AS t0 ON t."Id" = t0."UserId"
LEFT JOIN (
    SELECT l1."Id", l1."CreatedAt", l1."DeletedAt", l1."EndDate", l1."IsDeleted", l1."LeaveTypeId", l1."Reason", l1."ReviewedById", l1."StartDate", l1."Status", l1."UpdatedAt", l1."UserId", t3."Id" AS "Id0", t3."CreatedAt" AS "CreatedAt0", t3."CreatedBy", t3."DeletedAt" AS "DeletedAt0", t3."Description", t3."IsDeleted" AS "IsDeleted0", t3."Name", t3."StandardLeaveCount", t3."UpdatedAt" AS "UpdatedAt0", t3."UpdatedBy", t4."Id" AS "Id1", t4."CreatedAt" AS "CreatedAt1", t4."CreatedBy" AS "CreatedBy0", t4."DeletedAt" AS "DeletedAt1", t4."Email", t4."Gender", t4."IsActive", t4."IsDeleted" AS "IsDeleted1", t4."LastLoginAt", t4."PasswordHash", t4."Role", t4."Username"
    FROM "LeaveRequests" AS l1
    INNER JOIN (
        SELECT l2."Id", l2."CreatedAt", l2."CreatedBy", l2."DeletedAt", l2."Description", l2."IsDeleted", l2."Name", l2."StandardLeaveCount", l2."UpdatedAt", l2."UpdatedBy"
        FROM "LeaveTypes" AS l2
        WHERE NOT (l2."IsDeleted")
    ) AS t3 ON l1."LeaveTypeId" = t3."Id"
    LEFT JOIN (
        SELECT u0."Id", u0."CreatedAt", u0."CreatedBy", u0."DeletedAt", u0."Email", u0."Gender", u0."IsActive", u0."IsDeleted", u0."LastLoginAt", u0."PasswordHash", u0."Role", u0."Username"
        FROM "Users" AS u0
        WHERE NOT (u0."IsDeleted")
    ) AS t4 ON l1."ReviewedById" = t4."Id"
    WHERE NOT (l1."IsDeleted")
) AS t2 ON t."Id" = t2."UserId"
ORDER BY t."Id", t0."Id", t0."Id0", t2."Id", t2."Id0"
2025-07-29 17:19:53,421 [.NET TP Worker] INFO  Microsoft.EntityFrameworkCore.Database.Command - Executed DbCommand (6ms) [Parameters=[@__key_0='?' (DbType = Guid)], CommandType='Text', CommandTimeout='30']
SELECT t2."Id", t2."CreatedAt", t2."DeletedAt", t2."EndDate", t2."IsDeleted", t2."LeaveTypeId", t2."Reason", t2."ReviewedById", t2."StartDate", t2."Status", t2."UpdatedAt", t2."UserId", t2."Id0", t2."CreatedAt0", t2."CreatedBy", t2."DeletedAt0", t2."Email", t2."Gender", t2."IsActive", t2."IsDeleted0", t2."LastLoginAt", t2."PasswordHash", t2."Role", t2."Username", t2."Id1", t2."CreatedAt1", t2."CreatedBy0", t2."DeletedAt1", t2."Description", t2."IsDeleted1", t2."Name", t2."StandardLeaveCount", t2."UpdatedAt0", t2."UpdatedBy", t2."Id2", t2."CreatedAt2", t2."CreatedBy1", t2."DeletedAt2", t2."Email0", t2."Gender0", t2."IsActive0", t2."IsDeleted2", t2."LastLoginAt0", t2."PasswordHash0", t2."Role0", t2."Username0", t3."Id", t3."DeletedAt", t3."FileContent", t3."FileName", t3."IsDeleted", t3."LeaveRequestId", t3."UploadedAt"
FROM (
    SELECT l."Id", l."CreatedAt", l."DeletedAt", l."EndDate", l."IsDeleted", l."LeaveTypeId", l."Reason", l."ReviewedById", l."StartDate", l."Status", l."UpdatedAt", l."UserId", t."Id" AS "Id0", t."CreatedAt" AS "CreatedAt0", t."CreatedBy", t."DeletedAt" AS "DeletedAt0", t."Email", t."Gender", t."IsActive", t."IsDeleted" AS "IsDeleted0", t."LastLoginAt", t."PasswordHash", t."Role", t."Username", t0."Id" AS "Id1", t0."CreatedAt" AS "CreatedAt1", t0."CreatedBy" AS "CreatedBy0", t0."DeletedAt" AS "DeletedAt1", t0."Description", t0."IsDeleted" AS "IsDeleted1", t0."Name", t0."StandardLeaveCount", t0."UpdatedAt" AS "UpdatedAt0", t0."UpdatedBy", t1."Id" AS "Id2", t1."CreatedAt" AS "CreatedAt2", t1."CreatedBy" AS "CreatedBy1", t1."DeletedAt" AS "DeletedAt2", t1."Email" AS "Email0", t1."Gender" AS "Gender0", t1."IsActive" AS "IsActive0", t1."IsDeleted" AS "IsDeleted2", t1."LastLoginAt" AS "LastLoginAt0", t1."PasswordHash" AS "PasswordHash0", t1."Role" AS "Role0", t1."Username" AS "Username0"
    FROM "LeaveRequests" AS l
    INNER JOIN (
        SELECT u."Id", u."CreatedAt", u."CreatedBy", u."DeletedAt", u."Email", u."Gender", u."IsActive", u."IsDeleted", u."LastLoginAt", u."PasswordHash", u."Role", u."Username"
        FROM "Users" AS u
        WHERE NOT (u."IsDeleted")
    ) AS t ON l."UserId" = t."Id"
    INNER JOIN (
        SELECT l0."Id", l0."CreatedAt", l0."CreatedBy", l0."DeletedAt", l0."Description", l0."IsDeleted", l0."Name", l0."StandardLeaveCount", l0."UpdatedAt", l0."UpdatedBy"
        FROM "LeaveTypes" AS l0
        WHERE NOT (l0."IsDeleted")
    ) AS t0 ON l."LeaveTypeId" = t0."Id"
    LEFT JOIN (
        SELECT u0."Id", u0."CreatedAt", u0."CreatedBy", u0."DeletedAt", u0."Email", u0."Gender", u0."IsActive", u0."IsDeleted", u0."LastLoginAt", u0."PasswordHash", u0."Role", u0."Username"
        FROM "Users" AS u0
        WHERE NOT (u0."IsDeleted")
    ) AS t1 ON l."ReviewedById" = t1."Id"
    WHERE NOT (l."IsDeleted") AND l."Id" = @__key_0
    LIMIT 1
) AS t2
LEFT JOIN (
    SELECT l1."Id", l1."DeletedAt", l1."FileContent", l1."FileName", l1."IsDeleted", l1."LeaveRequestId", l1."UploadedAt"
    FROM "LeaveAttachments" AS l1
    WHERE NOT (l1."IsDeleted")
) AS t3 ON t2."Id" = t3."LeaveRequestId"
ORDER BY t2."Id", t2."Id0", t2."Id1", t2."Id2"
2025-07-29 17:19:53,423 [.NET TP Worker] INFO  Microsoft.EntityFrameworkCore.Database.Command - Executed DbCommand (1ms) [Parameters=[], CommandType='Text', CommandTimeout='30']
SELECT l."Id", l."DeletedAt", l."FileContent", l."FileName", l."IsDeleted", l."LeaveRequestId", l."UploadedAt", t."Id", t."CreatedAt", t."DeletedAt", t."EndDate", t."IsDeleted", t."LeaveTypeId", t."Reason", t."ReviewedById", t."StartDate", t."Status", t."UpdatedAt", t."UserId"
FROM "LeaveAttachments" AS l
INNER JOIN (
    SELECT l0."Id", l0."CreatedAt", l0."DeletedAt", l0."EndDate", l0."IsDeleted", l0."LeaveTypeId", l0."Reason", l0."ReviewedById", l0."StartDate", l0."Status", l0."UpdatedAt", l0."UserId"
    FROM "LeaveRequests" AS l0
    WHERE NOT (l0."IsDeleted")
) AS t ON l."LeaveRequestId" = t."Id"
WHERE NOT (l."IsDeleted")
2025-07-29 17:19:53,423 [.NET TP Worker] WARN  LeaveManagementSystem.Controllers.LeaveAttachmentController - No attachments found for LeaveRequestId: 541d4ed7-3447-46b7-a65c-304e5626c865
2025-07-29 17:19:55,429 [.NET TP Worker] INFO  LeaveManagementSystem.Middlewares.ExceptionHandlingMiddleware - [Incoming Request] Timestamp: 2025-07-29T11:49:55.4292400Z, Method: GET, Path: /api/v1/leave-requests, User: Roopan
2025-07-29 17:19:55,429 [.NET TP Worker] INFO  LeaveManagementSystem.Controllers.LeaveRequestController - Fetching all leave requests with pagination, search, filter, sort parameters.
2025-07-29 17:19:55,432 [.NET TP Worker] INFO  Microsoft.EntityFrameworkCore.Database.Command - Executed DbCommand (2ms) [Parameters=[], CommandType='Text', CommandTimeout='30']
SELECT l."Id", l."CreatedAt", l."DeletedAt", l."EndDate", l."IsDeleted", l."LeaveTypeId", l."Reason", l."ReviewedById", l."StartDate", l."Status", l."UpdatedAt", l."UserId", t."Id", t."CreatedAt", t."CreatedBy", t."DeletedAt", t."Email", t."Gender", t."IsActive", t."IsDeleted", t."LastLoginAt", t."PasswordHash", t."Role", t."Username", t0."Id", t0."CreatedAt", t0."CreatedBy", t0."DeletedAt", t0."Description", t0."IsDeleted", t0."Name", t0."StandardLeaveCount", t0."UpdatedAt", t0."UpdatedBy", t1."Id", t1."CreatedAt", t1."CreatedBy", t1."DeletedAt", t1."Email", t1."Gender", t1."IsActive", t1."IsDeleted", t1."LastLoginAt", t1."PasswordHash", t1."Role", t1."Username", t2."Id", t2."DeletedAt", t2."FileContent", t2."FileName", t2."IsDeleted", t2."LeaveRequestId", t2."UploadedAt"
FROM "LeaveRequests" AS l
INNER JOIN (
    SELECT u."Id", u."CreatedAt", u."CreatedBy", u."DeletedAt", u."Email", u."Gender", u."IsActive", u."IsDeleted", u."LastLoginAt", u."PasswordHash", u."Role", u."Username"
    FROM "Users" AS u
    WHERE NOT (u."IsDeleted")
) AS t ON l."UserId" = t."Id"
INNER JOIN (
    SELECT l0."Id", l0."CreatedAt", l0."CreatedBy", l0."DeletedAt", l0."Description", l0."IsDeleted", l0."Name", l0."StandardLeaveCount", l0."UpdatedAt", l0."UpdatedBy"
    FROM "LeaveTypes" AS l0
    WHERE NOT (l0."IsDeleted")
) AS t0 ON l."LeaveTypeId" = t0."Id"
LEFT JOIN (
    SELECT u0."Id", u0."CreatedAt", u0."CreatedBy", u0."DeletedAt", u0."Email", u0."Gender", u0."IsActive", u0."IsDeleted", u0."LastLoginAt", u0."PasswordHash", u0."Role", u0."Username"
    FROM "Users" AS u0
    WHERE NOT (u0."IsDeleted")
) AS t1 ON l."ReviewedById" = t1."Id"
LEFT JOIN (
    SELECT l1."Id", l1."DeletedAt", l1."FileContent", l1."FileName", l1."IsDeleted", l1."LeaveRequestId", l1."UploadedAt"
    FROM "LeaveAttachments" AS l1
    WHERE NOT (l1."IsDeleted")
) AS t2 ON l."Id" = t2."LeaveRequestId"
WHERE NOT (l."IsDeleted")
ORDER BY l."Id", t."Id", t0."Id", t1."Id"
2025-07-29 17:19:56,804 [.NET TP Worker] INFO  LeaveManagementSystem.Middlewares.ExceptionHandlingMiddleware - [Incoming Request] Timestamp: 2025-07-29T11:49:56.8046150Z, Method: GET, Path: /api/v1/leave-requests/2d2978c0-0aad-49b6-b26e-3ffc737880b4, User: Roopan
2025-07-29 17:19:56,804 [.NET TP Worker] INFO  LeaveManagementSystem.Controllers.LeaveRequestController - Fetching leave request with ID: 2d2978c0-0aad-49b6-b26e-3ffc737880b4
2025-07-29 17:19:56,807 [.NET TP Worker] INFO  Microsoft.EntityFrameworkCore.Database.Command - Executed DbCommand (2ms) [Parameters=[@__key_0='?' (DbType = Guid)], CommandType='Text', CommandTimeout='30']
SELECT t2."Id", t2."CreatedAt", t2."DeletedAt", t2."EndDate", t2."IsDeleted", t2."LeaveTypeId", t2."Reason", t2."ReviewedById", t2."StartDate", t2."Status", t2."UpdatedAt", t2."UserId", t2."Id0", t2."CreatedAt0", t2."CreatedBy", t2."DeletedAt0", t2."Email", t2."Gender", t2."IsActive", t2."IsDeleted0", t2."LastLoginAt", t2."PasswordHash", t2."Role", t2."Username", t2."Id1", t2."CreatedAt1", t2."CreatedBy0", t2."DeletedAt1", t2."Description", t2."IsDeleted1", t2."Name", t2."StandardLeaveCount", t2."UpdatedAt0", t2."UpdatedBy", t2."Id2", t2."CreatedAt2", t2."CreatedBy1", t2."DeletedAt2", t2."Email0", t2."Gender0", t2."IsActive0", t2."IsDeleted2", t2."LastLoginAt0", t2."PasswordHash0", t2."Role0", t2."Username0", t3."Id", t3."DeletedAt", t3."FileContent", t3."FileName", t3."IsDeleted", t3."LeaveRequestId", t3."UploadedAt"
FROM (
    SELECT l."Id", l."CreatedAt", l."DeletedAt", l."EndDate", l."IsDeleted", l."LeaveTypeId", l."Reason", l."ReviewedById", l."StartDate", l."Status", l."UpdatedAt", l."UserId", t."Id" AS "Id0", t."CreatedAt" AS "CreatedAt0", t."CreatedBy", t."DeletedAt" AS "DeletedAt0", t."Email", t."Gender", t."IsActive", t."IsDeleted" AS "IsDeleted0", t."LastLoginAt", t."PasswordHash", t."Role", t."Username", t0."Id" AS "Id1", t0."CreatedAt" AS "CreatedAt1", t0."CreatedBy" AS "CreatedBy0", t0."DeletedAt" AS "DeletedAt1", t0."Description", t0."IsDeleted" AS "IsDeleted1", t0."Name", t0."StandardLeaveCount", t0."UpdatedAt" AS "UpdatedAt0", t0."UpdatedBy", t1."Id" AS "Id2", t1."CreatedAt" AS "CreatedAt2", t1."CreatedBy" AS "CreatedBy1", t1."DeletedAt" AS "DeletedAt2", t1."Email" AS "Email0", t1."Gender" AS "Gender0", t1."IsActive" AS "IsActive0", t1."IsDeleted" AS "IsDeleted2", t1."LastLoginAt" AS "LastLoginAt0", t1."PasswordHash" AS "PasswordHash0", t1."Role" AS "Role0", t1."Username" AS "Username0"
    FROM "LeaveRequests" AS l
    INNER JOIN (
        SELECT u."Id", u."CreatedAt", u."CreatedBy", u."DeletedAt", u."Email", u."Gender", u."IsActive", u."IsDeleted", u."LastLoginAt", u."PasswordHash", u."Role", u."Username"
        FROM "Users" AS u
        WHERE NOT (u."IsDeleted")
    ) AS t ON l."UserId" = t."Id"
    INNER JOIN (
        SELECT l0."Id", l0."CreatedAt", l0."CreatedBy", l0."DeletedAt", l0."Description", l0."IsDeleted", l0."Name", l0."StandardLeaveCount", l0."UpdatedAt", l0."UpdatedBy"
        FROM "LeaveTypes" AS l0
        WHERE NOT (l0."IsDeleted")
    ) AS t0 ON l."LeaveTypeId" = t0."Id"
    LEFT JOIN (
        SELECT u0."Id", u0."CreatedAt", u0."CreatedBy", u0."DeletedAt", u0."Email", u0."Gender", u0."IsActive", u0."IsDeleted", u0."LastLoginAt", u0."PasswordHash", u0."Role", u0."Username"
        FROM "Users" AS u0
        WHERE NOT (u0."IsDeleted")
    ) AS t1 ON l."ReviewedById" = t1."Id"
    WHERE NOT (l."IsDeleted") AND l."Id" = @__key_0
    LIMIT 1
) AS t2
LEFT JOIN (
    SELECT l1."Id", l1."DeletedAt", l1."FileContent", l1."FileName", l1."IsDeleted", l1."LeaveRequestId", l1."UploadedAt"
    FROM "LeaveAttachments" AS l1
    WHERE NOT (l1."IsDeleted")
) AS t3 ON t2."Id" = t3."LeaveRequestId"
ORDER BY t2."Id", t2."Id0", t2."Id1", t2."Id2"
2025-07-29 17:19:56,836 [.NET TP Worker] INFO  LeaveManagementSystem.Middlewares.ExceptionHandlingMiddleware - [Incoming Request] Timestamp: 2025-07-29T11:49:56.8369490Z, Method: GET, Path: /api/v1/leave-attachments/by-leave-request/2d2978c0-0aad-49b6-b26e-3ffc737880b4, User: Roopan
2025-07-29 17:19:56,837 [.NET TP Worker] INFO  LeaveManagementSystem.Middlewares.ExceptionHandlingMiddleware - [Incoming Request] Timestamp: 2025-07-29T11:49:56.8373570Z, Method: GET, Path: /api/v1/leave-requests/2d2978c0-0aad-49b6-b26e-3ffc737880b4/admin-override-comment, User: Roopan
2025-07-29 17:19:56,837 [.NET TP Worker] INFO  LeaveManagementSystem.Middlewares.ExceptionHandlingMiddleware - [Incoming Request] Timestamp: 2025-07-29T11:49:56.8373720Z, Method: GET, Path: /api/v1/leave-balance/user/08da3efe-f4b0-462e-9354-e9749fd13464/leaveType/0db4c90f-3394-4ad9-a850-a5435d9b2412, User: Roopan
2025-07-29 17:19:56,838 [.NET TP Worker] INFO  LeaveManagementSystem.Controllers.LeaveAttachmentController - Fetching attachments for LeaveRequestId: 2d2978c0-0aad-49b6-b26e-3ffc737880b4
2025-07-29 17:19:56,838 [.NET TP Worker] INFO  LeaveManagementSystem.Controllers.LeaveBalanceController - Fetching leave balance for user ID: 08da3efe-f4b0-462e-9354-e9749fd13464 and leave type ID: 0db4c90f-3394-4ad9-a850-a5435d9b2412
2025-07-29 17:19:56,840 [.NET TP Worker] INFO  Microsoft.EntityFrameworkCore.Database.Command - Executed DbCommand (2ms) [Parameters=[@__leaveRequestId_0='?' (DbType = Guid)], CommandType='Text', CommandTimeout='30']
SELECT l."Id", l."AdminId", l."Comment", l."CreatedAt", l."LeaveRequestId"
FROM "LeaveRequestComments" AS l
WHERE l."LeaveRequestId" = @__leaveRequestId_0 AND l."AdminId" <> '00000000-0000-0000-0000-000000000000'
ORDER BY l."CreatedAt" DESC
LIMIT 1
2025-07-29 17:19:56,841 [.NET TP Worker] INFO  Microsoft.EntityFrameworkCore.Database.Command - Executed DbCommand (3ms) [Parameters=[@__key_0='?' (DbType = Guid)], CommandType='Text', CommandTimeout='30']
SELECT t2."Id", t2."CreatedAt", t2."DeletedAt", t2."EndDate", t2."IsDeleted", t2."LeaveTypeId", t2."Reason", t2."ReviewedById", t2."StartDate", t2."Status", t2."UpdatedAt", t2."UserId", t2."Id0", t2."CreatedAt0", t2."CreatedBy", t2."DeletedAt0", t2."Email", t2."Gender", t2."IsActive", t2."IsDeleted0", t2."LastLoginAt", t2."PasswordHash", t2."Role", t2."Username", t2."Id1", t2."CreatedAt1", t2."CreatedBy0", t2."DeletedAt1", t2."Description", t2."IsDeleted1", t2."Name", t2."StandardLeaveCount", t2."UpdatedAt0", t2."UpdatedBy", t2."Id2", t2."CreatedAt2", t2."CreatedBy1", t2."DeletedAt2", t2."Email0", t2."Gender0", t2."IsActive0", t2."IsDeleted2", t2."LastLoginAt0", t2."PasswordHash0", t2."Role0", t2."Username0", t3."Id", t3."DeletedAt", t3."FileContent", t3."FileName", t3."IsDeleted", t3."LeaveRequestId", t3."UploadedAt"
FROM (
    SELECT l."Id", l."CreatedAt", l."DeletedAt", l."EndDate", l."IsDeleted", l."LeaveTypeId", l."Reason", l."ReviewedById", l."StartDate", l."Status", l."UpdatedAt", l."UserId", t."Id" AS "Id0", t."CreatedAt" AS "CreatedAt0", t."CreatedBy", t."DeletedAt" AS "DeletedAt0", t."Email", t."Gender", t."IsActive", t."IsDeleted" AS "IsDeleted0", t."LastLoginAt", t."PasswordHash", t."Role", t."Username", t0."Id" AS "Id1", t0."CreatedAt" AS "CreatedAt1", t0."CreatedBy" AS "CreatedBy0", t0."DeletedAt" AS "DeletedAt1", t0."Description", t0."IsDeleted" AS "IsDeleted1", t0."Name", t0."StandardLeaveCount", t0."UpdatedAt" AS "UpdatedAt0", t0."UpdatedBy", t1."Id" AS "Id2", t1."CreatedAt" AS "CreatedAt2", t1."CreatedBy" AS "CreatedBy1", t1."DeletedAt" AS "DeletedAt2", t1."Email" AS "Email0", t1."Gender" AS "Gender0", t1."IsActive" AS "IsActive0", t1."IsDeleted" AS "IsDeleted2", t1."LastLoginAt" AS "LastLoginAt0", t1."PasswordHash" AS "PasswordHash0", t1."Role" AS "Role0", t1."Username" AS "Username0"
    FROM "LeaveRequests" AS l
    INNER JOIN (
        SELECT u."Id", u."CreatedAt", u."CreatedBy", u."DeletedAt", u."Email", u."Gender", u."IsActive", u."IsDeleted", u."LastLoginAt", u."PasswordHash", u."Role", u."Username"
        FROM "Users" AS u
        WHERE NOT (u."IsDeleted")
    ) AS t ON l."UserId" = t."Id"
    INNER JOIN (
        SELECT l0."Id", l0."CreatedAt", l0."CreatedBy", l0."DeletedAt", l0."Description", l0."IsDeleted", l0."Name", l0."StandardLeaveCount", l0."UpdatedAt", l0."UpdatedBy"
        FROM "LeaveTypes" AS l0
        WHERE NOT (l0."IsDeleted")
    ) AS t0 ON l."LeaveTypeId" = t0."Id"
    LEFT JOIN (
        SELECT u0."Id", u0."CreatedAt", u0."CreatedBy", u0."DeletedAt", u0."Email", u0."Gender", u0."IsActive", u0."IsDeleted", u0."LastLoginAt", u0."PasswordHash", u0."Role", u0."Username"
        FROM "Users" AS u0
        WHERE NOT (u0."IsDeleted")
    ) AS t1 ON l."ReviewedById" = t1."Id"
    WHERE NOT (l."IsDeleted") AND l."Id" = @__key_0
    LIMIT 1
) AS t2
LEFT JOIN (
    SELECT l1."Id", l1."DeletedAt", l1."FileContent", l1."FileName", l1."IsDeleted", l1."LeaveRequestId", l1."UploadedAt"
    FROM "LeaveAttachments" AS l1
    WHERE NOT (l1."IsDeleted")
) AS t3 ON t2."Id" = t3."LeaveRequestId"
ORDER BY t2."Id", t2."Id0", t2."Id1", t2."Id2"
2025-07-29 17:19:56,841 [.NET TP Worker] INFO  Microsoft.EntityFrameworkCore.Database.Command - Executed DbCommand (3ms) [Parameters=[@__key_0='?' (DbType = Guid)], CommandType='Text', CommandTimeout='30']
SELECT t."Id", t."CreatedAt", t."CreatedBy", t."DeletedAt", t."Email", t."Gender", t."IsActive", t."IsDeleted", t."LastLoginAt", t."PasswordHash", t."Role", t."Username", t0."Id", t0."LeaveTypeId", t0."TotalLeaves", t0."UsedLeaves", t0."UserId", t0."Id0", t0."CreatedAt", t0."CreatedBy", t0."DeletedAt", t0."Description", t0."IsDeleted", t0."Name", t0."StandardLeaveCount", t0."UpdatedAt", t0."UpdatedBy", t2."Id", t2."CreatedAt", t2."DeletedAt", t2."EndDate", t2."IsDeleted", t2."LeaveTypeId", t2."Reason", t2."ReviewedById", t2."StartDate", t2."Status", t2."UpdatedAt", t2."UserId", t2."Id0", t2."CreatedAt0", t2."CreatedBy", t2."DeletedAt0", t2."Description", t2."IsDeleted0", t2."Name", t2."StandardLeaveCount", t2."UpdatedAt0", t2."UpdatedBy", t2."Id1", t2."CreatedAt1", t2."CreatedBy0", t2."DeletedAt1", t2."Email", t2."Gender", t2."IsActive", t2."IsDeleted1", t2."LastLoginAt", t2."PasswordHash", t2."Role", t2."Username"
FROM (
    SELECT u."Id", u."CreatedAt", u."CreatedBy", u."DeletedAt", u."Email", u."Gender", u."IsActive", u."IsDeleted", u."LastLoginAt", u."PasswordHash", u."Role", u."Username"
    FROM "Users" AS u
    WHERE NOT (u."IsDeleted") AND u."Id" = @__key_0 AND NOT (u."IsDeleted")
    LIMIT 1
) AS t
LEFT JOIN (
    SELECT l."Id", l."LeaveTypeId", l."TotalLeaves", l."UsedLeaves", l."UserId", t1."Id" AS "Id0", t1."CreatedAt", t1."CreatedBy", t1."DeletedAt", t1."Description", t1."IsDeleted", t1."Name", t1."StandardLeaveCount", t1."UpdatedAt", t1."UpdatedBy"
    FROM "LeaveBalances" AS l
    INNER JOIN (
        SELECT l0."Id", l0."CreatedAt", l0."CreatedBy", l0."DeletedAt", l0."Description", l0."IsDeleted", l0."Name", l0."StandardLeaveCount", l0."UpdatedAt", l0."UpdatedBy"
        FROM "LeaveTypes" AS l0
        WHERE NOT (l0."IsDeleted")
    ) AS t1 ON l."LeaveTypeId" = t1."Id"
) AS t0 ON t."Id" = t0."UserId"
LEFT JOIN (
    SELECT l1."Id", l1."CreatedAt", l1."DeletedAt", l1."EndDate", l1."IsDeleted", l1."LeaveTypeId", l1."Reason", l1."ReviewedById", l1."StartDate", l1."Status", l1."UpdatedAt", l1."UserId", t3."Id" AS "Id0", t3."CreatedAt" AS "CreatedAt0", t3."CreatedBy", t3."DeletedAt" AS "DeletedAt0", t3."Description", t3."IsDeleted" AS "IsDeleted0", t3."Name", t3."StandardLeaveCount", t3."UpdatedAt" AS "UpdatedAt0", t3."UpdatedBy", t4."Id" AS "Id1", t4."CreatedAt" AS "CreatedAt1", t4."CreatedBy" AS "CreatedBy0", t4."DeletedAt" AS "DeletedAt1", t4."Email", t4."Gender", t4."IsActive", t4."IsDeleted" AS "IsDeleted1", t4."LastLoginAt", t4."PasswordHash", t4."Role", t4."Username"
    FROM "LeaveRequests" AS l1
    INNER JOIN (
        SELECT l2."Id", l2."CreatedAt", l2."CreatedBy", l2."DeletedAt", l2."Description", l2."IsDeleted", l2."Name", l2."StandardLeaveCount", l2."UpdatedAt", l2."UpdatedBy"
        FROM "LeaveTypes" AS l2
        WHERE NOT (l2."IsDeleted")
    ) AS t3 ON l1."LeaveTypeId" = t3."Id"
    LEFT JOIN (
        SELECT u0."Id", u0."CreatedAt", u0."CreatedBy", u0."DeletedAt", u0."Email", u0."Gender", u0."IsActive", u0."IsDeleted", u0."LastLoginAt", u0."PasswordHash", u0."Role", u0."Username"
        FROM "Users" AS u0
        WHERE NOT (u0."IsDeleted")
    ) AS t4 ON l1."ReviewedById" = t4."Id"
    WHERE NOT (l1."IsDeleted")
) AS t2 ON t."Id" = t2."UserId"
ORDER BY t."Id", t0."Id", t0."Id0", t2."Id", t2."Id0"
2025-07-29 17:19:56,842 [.NET TP Worker] INFO  Microsoft.EntityFrameworkCore.Database.Command - Executed DbCommand (1ms) [Parameters=[], CommandType='Text', CommandTimeout='30']
SELECT l."Id", l."DeletedAt", l."FileContent", l."FileName", l."IsDeleted", l."LeaveRequestId", l."UploadedAt", t."Id", t."CreatedAt", t."DeletedAt", t."EndDate", t."IsDeleted", t."LeaveTypeId", t."Reason", t."ReviewedById", t."StartDate", t."Status", t."UpdatedAt", t."UserId"
FROM "LeaveAttachments" AS l
INNER JOIN (
    SELECT l0."Id", l0."CreatedAt", l0."DeletedAt", l0."EndDate", l0."IsDeleted", l0."LeaveTypeId", l0."Reason", l0."ReviewedById", l0."StartDate", l0."Status", l0."UpdatedAt", l0."UserId"
    FROM "LeaveRequests" AS l0
    WHERE NOT (l0."IsDeleted")
) AS t ON l."LeaveRequestId" = t."Id"
WHERE NOT (l."IsDeleted")
2025-07-29 17:19:56,843 [.NET TP Worker] WARN  LeaveManagementSystem.Controllers.LeaveAttachmentController - No attachments found for LeaveRequestId: 2d2978c0-0aad-49b6-b26e-3ffc737880b4
2025-07-29 17:19:59,760 [.NET TP Worker] INFO  LeaveManagementSystem.Middlewares.ExceptionHandlingMiddleware - [Incoming Request] Timestamp: 2025-07-29T11:49:59.7608380Z, Method: GET, Path: /api/v1/leave-requests, User: Roopan
2025-07-29 17:19:59,761 [.NET TP Worker] INFO  LeaveManagementSystem.Controllers.LeaveRequestController - Fetching all leave requests with pagination, search, filter, sort parameters.
2025-07-29 17:19:59,763 [.NET TP Worker] INFO  Microsoft.EntityFrameworkCore.Database.Command - Executed DbCommand (2ms) [Parameters=[], CommandType='Text', CommandTimeout='30']
SELECT l."Id", l."CreatedAt", l."DeletedAt", l."EndDate", l."IsDeleted", l."LeaveTypeId", l."Reason", l."ReviewedById", l."StartDate", l."Status", l."UpdatedAt", l."UserId", t."Id", t."CreatedAt", t."CreatedBy", t."DeletedAt", t."Email", t."Gender", t."IsActive", t."IsDeleted", t."LastLoginAt", t."PasswordHash", t."Role", t."Username", t0."Id", t0."CreatedAt", t0."CreatedBy", t0."DeletedAt", t0."Description", t0."IsDeleted", t0."Name", t0."StandardLeaveCount", t0."UpdatedAt", t0."UpdatedBy", t1."Id", t1."CreatedAt", t1."CreatedBy", t1."DeletedAt", t1."Email", t1."Gender", t1."IsActive", t1."IsDeleted", t1."LastLoginAt", t1."PasswordHash", t1."Role", t1."Username", t2."Id", t2."DeletedAt", t2."FileContent", t2."FileName", t2."IsDeleted", t2."LeaveRequestId", t2."UploadedAt"
FROM "LeaveRequests" AS l
INNER JOIN (
    SELECT u."Id", u."CreatedAt", u."CreatedBy", u."DeletedAt", u."Email", u."Gender", u."IsActive", u."IsDeleted", u."LastLoginAt", u."PasswordHash", u."Role", u."Username"
    FROM "Users" AS u
    WHERE NOT (u."IsDeleted")
) AS t ON l."UserId" = t."Id"
INNER JOIN (
    SELECT l0."Id", l0."CreatedAt", l0."CreatedBy", l0."DeletedAt", l0."Description", l0."IsDeleted", l0."Name", l0."StandardLeaveCount", l0."UpdatedAt", l0."UpdatedBy"
    FROM "LeaveTypes" AS l0
    WHERE NOT (l0."IsDeleted")
) AS t0 ON l."LeaveTypeId" = t0."Id"
LEFT JOIN (
    SELECT u0."Id", u0."CreatedAt", u0."CreatedBy", u0."DeletedAt", u0."Email", u0."Gender", u0."IsActive", u0."IsDeleted", u0."LastLoginAt", u0."PasswordHash", u0."Role", u0."Username"
    FROM "Users" AS u0
    WHERE NOT (u0."IsDeleted")
) AS t1 ON l."ReviewedById" = t1."Id"
LEFT JOIN (
    SELECT l1."Id", l1."DeletedAt", l1."FileContent", l1."FileName", l1."IsDeleted", l1."LeaveRequestId", l1."UploadedAt"
    FROM "LeaveAttachments" AS l1
    WHERE NOT (l1."IsDeleted")
) AS t2 ON l."Id" = t2."LeaveRequestId"
WHERE NOT (l."IsDeleted")
ORDER BY l."Id", t."Id", t0."Id", t1."Id"
2025-07-29 17:20:00,736 [.NET TP Worker] INFO  LeaveManagementSystem.Middlewares.ExceptionHandlingMiddleware - [Incoming Request] Timestamp: 2025-07-29T11:50:00.7365860Z, Method: GET, Path: /api/v1/leave-requests/f8971c2f-1ba1-4b48-a39d-694c42633632, User: Roopan
2025-07-29 17:20:00,737 [.NET TP Worker] INFO  LeaveManagementSystem.Controllers.LeaveRequestController - Fetching leave request with ID: f8971c2f-1ba1-4b48-a39d-694c42633632
2025-07-29 17:20:00,739 [.NET TP Worker] INFO  Microsoft.EntityFrameworkCore.Database.Command - Executed DbCommand (2ms) [Parameters=[@__key_0='?' (DbType = Guid)], CommandType='Text', CommandTimeout='30']
SELECT t2."Id", t2."CreatedAt", t2."DeletedAt", t2."EndDate", t2."IsDeleted", t2."LeaveTypeId", t2."Reason", t2."ReviewedById", t2."StartDate", t2."Status", t2."UpdatedAt", t2."UserId", t2."Id0", t2."CreatedAt0", t2."CreatedBy", t2."DeletedAt0", t2."Email", t2."Gender", t2."IsActive", t2."IsDeleted0", t2."LastLoginAt", t2."PasswordHash", t2."Role", t2."Username", t2."Id1", t2."CreatedAt1", t2."CreatedBy0", t2."DeletedAt1", t2."Description", t2."IsDeleted1", t2."Name", t2."StandardLeaveCount", t2."UpdatedAt0", t2."UpdatedBy", t2."Id2", t2."CreatedAt2", t2."CreatedBy1", t2."DeletedAt2", t2."Email0", t2."Gender0", t2."IsActive0", t2."IsDeleted2", t2."LastLoginAt0", t2."PasswordHash0", t2."Role0", t2."Username0", t3."Id", t3."DeletedAt", t3."FileContent", t3."FileName", t3."IsDeleted", t3."LeaveRequestId", t3."UploadedAt"
FROM (
    SELECT l."Id", l."CreatedAt", l."DeletedAt", l."EndDate", l."IsDeleted", l."LeaveTypeId", l."Reason", l."ReviewedById", l."StartDate", l."Status", l."UpdatedAt", l."UserId", t."Id" AS "Id0", t."CreatedAt" AS "CreatedAt0", t."CreatedBy", t."DeletedAt" AS "DeletedAt0", t."Email", t."Gender", t."IsActive", t."IsDeleted" AS "IsDeleted0", t."LastLoginAt", t."PasswordHash", t."Role", t."Username", t0."Id" AS "Id1", t0."CreatedAt" AS "CreatedAt1", t0."CreatedBy" AS "CreatedBy0", t0."DeletedAt" AS "DeletedAt1", t0."Description", t0."IsDeleted" AS "IsDeleted1", t0."Name", t0."StandardLeaveCount", t0."UpdatedAt" AS "UpdatedAt0", t0."UpdatedBy", t1."Id" AS "Id2", t1."CreatedAt" AS "CreatedAt2", t1."CreatedBy" AS "CreatedBy1", t1."DeletedAt" AS "DeletedAt2", t1."Email" AS "Email0", t1."Gender" AS "Gender0", t1."IsActive" AS "IsActive0", t1."IsDeleted" AS "IsDeleted2", t1."LastLoginAt" AS "LastLoginAt0", t1."PasswordHash" AS "PasswordHash0", t1."Role" AS "Role0", t1."Username" AS "Username0"
    FROM "LeaveRequests" AS l
    INNER JOIN (
        SELECT u."Id", u."CreatedAt", u."CreatedBy", u."DeletedAt", u."Email", u."Gender", u."IsActive", u."IsDeleted", u."LastLoginAt", u."PasswordHash", u."Role", u."Username"
        FROM "Users" AS u
        WHERE NOT (u."IsDeleted")
    ) AS t ON l."UserId" = t."Id"
    INNER JOIN (
        SELECT l0."Id", l0."CreatedAt", l0."CreatedBy", l0."DeletedAt", l0."Description", l0."IsDeleted", l0."Name", l0."StandardLeaveCount", l0."UpdatedAt", l0."UpdatedBy"
        FROM "LeaveTypes" AS l0
        WHERE NOT (l0."IsDeleted")
    ) AS t0 ON l."LeaveTypeId" = t0."Id"
    LEFT JOIN (
        SELECT u0."Id", u0."CreatedAt", u0."CreatedBy", u0."DeletedAt", u0."Email", u0."Gender", u0."IsActive", u0."IsDeleted", u0."LastLoginAt", u0."PasswordHash", u0."Role", u0."Username"
        FROM "Users" AS u0
        WHERE NOT (u0."IsDeleted")
    ) AS t1 ON l."ReviewedById" = t1."Id"
    WHERE NOT (l."IsDeleted") AND l."Id" = @__key_0
    LIMIT 1
) AS t2
LEFT JOIN (
    SELECT l1."Id", l1."DeletedAt", l1."FileContent", l1."FileName", l1."IsDeleted", l1."LeaveRequestId", l1."UploadedAt"
    FROM "LeaveAttachments" AS l1
    WHERE NOT (l1."IsDeleted")
) AS t3 ON t2."Id" = t3."LeaveRequestId"
ORDER BY t2."Id", t2."Id0", t2."Id1", t2."Id2"
2025-07-29 17:20:00,764 [.NET TP Worker] INFO  LeaveManagementSystem.Middlewares.ExceptionHandlingMiddleware - [Incoming Request] Timestamp: 2025-07-29T11:50:00.7641030Z, Method: GET, Path: /api/v1/leave-balance/user/08da3efe-f4b0-462e-9354-e9749fd13464/leaveType/0db4c90f-3394-4ad9-a850-a5435d9b2412, User: Roopan
2025-07-29 17:20:00,764 [.NET TP Worker] INFO  LeaveManagementSystem.Controllers.LeaveBalanceController - Fetching leave balance for user ID: 08da3efe-f4b0-462e-9354-e9749fd13464 and leave type ID: 0db4c90f-3394-4ad9-a850-a5435d9b2412
2025-07-29 17:20:00,765 [.NET TP Worker] INFO  LeaveManagementSystem.Middlewares.ExceptionHandlingMiddleware - [Incoming Request] Timestamp: 2025-07-29T11:50:00.7650130Z, Method: GET, Path: /api/v1/leave-attachments/by-leave-request/f8971c2f-1ba1-4b48-a39d-694c42633632, User: Roopan
2025-07-29 17:20:00,765 [.NET TP Worker] INFO  LeaveManagementSystem.Controllers.LeaveAttachmentController - Fetching attachments for LeaveRequestId: f8971c2f-1ba1-4b48-a39d-694c42633632
2025-07-29 17:20:00,765 [.NET TP Worker] INFO  LeaveManagementSystem.Middlewares.ExceptionHandlingMiddleware - [Incoming Request] Timestamp: 2025-07-29T11:50:00.7658090Z, Method: GET, Path: /api/v1/leave-requests/f8971c2f-1ba1-4b48-a39d-694c42633632/admin-override-comment, User: Roopan
2025-07-29 17:20:00,769 [.NET TP Worker] INFO  Microsoft.EntityFrameworkCore.Database.Command - Executed DbCommand (3ms) [Parameters=[@__key_0='?' (DbType = Guid)], CommandType='Text', CommandTimeout='30']
SELECT t."Id", t."CreatedAt", t."CreatedBy", t."DeletedAt", t."Email", t."Gender", t."IsActive", t."IsDeleted", t."LastLoginAt", t."PasswordHash", t."Role", t."Username", t0."Id", t0."LeaveTypeId", t0."TotalLeaves", t0."UsedLeaves", t0."UserId", t0."Id0", t0."CreatedAt", t0."CreatedBy", t0."DeletedAt", t0."Description", t0."IsDeleted", t0."Name", t0."StandardLeaveCount", t0."UpdatedAt", t0."UpdatedBy", t2."Id", t2."CreatedAt", t2."DeletedAt", t2."EndDate", t2."IsDeleted", t2."LeaveTypeId", t2."Reason", t2."ReviewedById", t2."StartDate", t2."Status", t2."UpdatedAt", t2."UserId", t2."Id0", t2."CreatedAt0", t2."CreatedBy", t2."DeletedAt0", t2."Description", t2."IsDeleted0", t2."Name", t2."StandardLeaveCount", t2."UpdatedAt0", t2."UpdatedBy", t2."Id1", t2."CreatedAt1", t2."CreatedBy0", t2."DeletedAt1", t2."Email", t2."Gender", t2."IsActive", t2."IsDeleted1", t2."LastLoginAt", t2."PasswordHash", t2."Role", t2."Username"
FROM (
    SELECT u."Id", u."CreatedAt", u."CreatedBy", u."DeletedAt", u."Email", u."Gender", u."IsActive", u."IsDeleted", u."LastLoginAt", u."PasswordHash", u."Role", u."Username"
    FROM "Users" AS u
    WHERE NOT (u."IsDeleted") AND u."Id" = @__key_0 AND NOT (u."IsDeleted")
    LIMIT 1
) AS t
LEFT JOIN (
    SELECT l."Id", l."LeaveTypeId", l."TotalLeaves", l."UsedLeaves", l."UserId", t1."Id" AS "Id0", t1."CreatedAt", t1."CreatedBy", t1."DeletedAt", t1."Description", t1."IsDeleted", t1."Name", t1."StandardLeaveCount", t1."UpdatedAt", t1."UpdatedBy"
    FROM "LeaveBalances" AS l
    INNER JOIN (
        SELECT l0."Id", l0."CreatedAt", l0."CreatedBy", l0."DeletedAt", l0."Description", l0."IsDeleted", l0."Name", l0."StandardLeaveCount", l0."UpdatedAt", l0."UpdatedBy"
        FROM "LeaveTypes" AS l0
        WHERE NOT (l0."IsDeleted")
    ) AS t1 ON l."LeaveTypeId" = t1."Id"
) AS t0 ON t."Id" = t0."UserId"
LEFT JOIN (
    SELECT l1."Id", l1."CreatedAt", l1."DeletedAt", l1."EndDate", l1."IsDeleted", l1."LeaveTypeId", l1."Reason", l1."ReviewedById", l1."StartDate", l1."Status", l1."UpdatedAt", l1."UserId", t3."Id" AS "Id0", t3."CreatedAt" AS "CreatedAt0", t3."CreatedBy", t3."DeletedAt" AS "DeletedAt0", t3."Description", t3."IsDeleted" AS "IsDeleted0", t3."Name", t3."StandardLeaveCount", t3."UpdatedAt" AS "UpdatedAt0", t3."UpdatedBy", t4."Id" AS "Id1", t4."CreatedAt" AS "CreatedAt1", t4."CreatedBy" AS "CreatedBy0", t4."DeletedAt" AS "DeletedAt1", t4."Email", t4."Gender", t4."IsActive", t4."IsDeleted" AS "IsDeleted1", t4."LastLoginAt", t4."PasswordHash", t4."Role", t4."Username"
    FROM "LeaveRequests" AS l1
    INNER JOIN (
        SELECT l2."Id", l2."CreatedAt", l2."CreatedBy", l2."DeletedAt", l2."Description", l2."IsDeleted", l2."Name", l2."StandardLeaveCount", l2."UpdatedAt", l2."UpdatedBy"
        FROM "LeaveTypes" AS l2
        WHERE NOT (l2."IsDeleted")
    ) AS t3 ON l1."LeaveTypeId" = t3."Id"
    LEFT JOIN (
        SELECT u0."Id", u0."CreatedAt", u0."CreatedBy", u0."DeletedAt", u0."Email", u0."Gender", u0."IsActive", u0."IsDeleted", u0."LastLoginAt", u0."PasswordHash", u0."Role", u0."Username"
        FROM "Users" AS u0
        WHERE NOT (u0."IsDeleted")
    ) AS t4 ON l1."ReviewedById" = t4."Id"
    WHERE NOT (l1."IsDeleted")
) AS t2 ON t."Id" = t2."UserId"
ORDER BY t."Id", t0."Id", t0."Id0", t2."Id", t2."Id0"
2025-07-29 17:20:00,769 [.NET TP Worker] INFO  Microsoft.EntityFrameworkCore.Database.Command - Executed DbCommand (2ms) [Parameters=[@__leaveRequestId_0='?' (DbType = Guid)], CommandType='Text', CommandTimeout='30']
SELECT l."Id", l."AdminId", l."Comment", l."CreatedAt", l."LeaveRequestId"
FROM "LeaveRequestComments" AS l
WHERE l."LeaveRequestId" = @__leaveRequestId_0 AND l."AdminId" <> '00000000-0000-0000-0000-000000000000'
ORDER BY l."CreatedAt" DESC
LIMIT 1
2025-07-29 17:20:00,769 [.NET TP Worker] INFO  Microsoft.EntityFrameworkCore.Database.Command - Executed DbCommand (3ms) [Parameters=[@__key_0='?' (DbType = Guid)], CommandType='Text', CommandTimeout='30']
SELECT t2."Id", t2."CreatedAt", t2."DeletedAt", t2."EndDate", t2."IsDeleted", t2."LeaveTypeId", t2."Reason", t2."ReviewedById", t2."StartDate", t2."Status", t2."UpdatedAt", t2."UserId", t2."Id0", t2."CreatedAt0", t2."CreatedBy", t2."DeletedAt0", t2."Email", t2."Gender", t2."IsActive", t2."IsDeleted0", t2."LastLoginAt", t2."PasswordHash", t2."Role", t2."Username", t2."Id1", t2."CreatedAt1", t2."CreatedBy0", t2."DeletedAt1", t2."Description", t2."IsDeleted1", t2."Name", t2."StandardLeaveCount", t2."UpdatedAt0", t2."UpdatedBy", t2."Id2", t2."CreatedAt2", t2."CreatedBy1", t2."DeletedAt2", t2."Email0", t2."Gender0", t2."IsActive0", t2."IsDeleted2", t2."LastLoginAt0", t2."PasswordHash0", t2."Role0", t2."Username0", t3."Id", t3."DeletedAt", t3."FileContent", t3."FileName", t3."IsDeleted", t3."LeaveRequestId", t3."UploadedAt"
FROM (
    SELECT l."Id", l."CreatedAt", l."DeletedAt", l."EndDate", l."IsDeleted", l."LeaveTypeId", l."Reason", l."ReviewedById", l."StartDate", l."Status", l."UpdatedAt", l."UserId", t."Id" AS "Id0", t."CreatedAt" AS "CreatedAt0", t."CreatedBy", t."DeletedAt" AS "DeletedAt0", t."Email", t."Gender", t."IsActive", t."IsDeleted" AS "IsDeleted0", t."LastLoginAt", t."PasswordHash", t."Role", t."Username", t0."Id" AS "Id1", t0."CreatedAt" AS "CreatedAt1", t0."CreatedBy" AS "CreatedBy0", t0."DeletedAt" AS "DeletedAt1", t0."Description", t0."IsDeleted" AS "IsDeleted1", t0."Name", t0."StandardLeaveCount", t0."UpdatedAt" AS "UpdatedAt0", t0."UpdatedBy", t1."Id" AS "Id2", t1."CreatedAt" AS "CreatedAt2", t1."CreatedBy" AS "CreatedBy1", t1."DeletedAt" AS "DeletedAt2", t1."Email" AS "Email0", t1."Gender" AS "Gender0", t1."IsActive" AS "IsActive0", t1."IsDeleted" AS "IsDeleted2", t1."LastLoginAt" AS "LastLoginAt0", t1."PasswordHash" AS "PasswordHash0", t1."Role" AS "Role0", t1."Username" AS "Username0"
    FROM "LeaveRequests" AS l
    INNER JOIN (
        SELECT u."Id", u."CreatedAt", u."CreatedBy", u."DeletedAt", u."Email", u."Gender", u."IsActive", u."IsDeleted", u."LastLoginAt", u."PasswordHash", u."Role", u."Username"
        FROM "Users" AS u
        WHERE NOT (u."IsDeleted")
    ) AS t ON l."UserId" = t."Id"
    INNER JOIN (
        SELECT l0."Id", l0."CreatedAt", l0."CreatedBy", l0."DeletedAt", l0."Description", l0."IsDeleted", l0."Name", l0."StandardLeaveCount", l0."UpdatedAt", l0."UpdatedBy"
        FROM "LeaveTypes" AS l0
        WHERE NOT (l0."IsDeleted")
    ) AS t0 ON l."LeaveTypeId" = t0."Id"
    LEFT JOIN (
        SELECT u0."Id", u0."CreatedAt", u0."CreatedBy", u0."DeletedAt", u0."Email", u0."Gender", u0."IsActive", u0."IsDeleted", u0."LastLoginAt", u0."PasswordHash", u0."Role", u0."Username"
        FROM "Users" AS u0
        WHERE NOT (u0."IsDeleted")
    ) AS t1 ON l."ReviewedById" = t1."Id"
    WHERE NOT (l."IsDeleted") AND l."Id" = @__key_0
    LIMIT 1
) AS t2
LEFT JOIN (
    SELECT l1."Id", l1."DeletedAt", l1."FileContent", l1."FileName", l1."IsDeleted", l1."LeaveRequestId", l1."UploadedAt"
    FROM "LeaveAttachments" AS l1
    WHERE NOT (l1."IsDeleted")
) AS t3 ON t2."Id" = t3."LeaveRequestId"
ORDER BY t2."Id", t2."Id0", t2."Id1", t2."Id2"
2025-07-29 17:20:00,772 [.NET TP Worker] INFO  Microsoft.EntityFrameworkCore.Database.Command - Executed DbCommand (2ms) [Parameters=[], CommandType='Text', CommandTimeout='30']
SELECT l."Id", l."DeletedAt", l."FileContent", l."FileName", l."IsDeleted", l."LeaveRequestId", l."UploadedAt", t."Id", t."CreatedAt", t."DeletedAt", t."EndDate", t."IsDeleted", t."LeaveTypeId", t."Reason", t."ReviewedById", t."StartDate", t."Status", t."UpdatedAt", t."UserId"
FROM "LeaveAttachments" AS l
INNER JOIN (
    SELECT l0."Id", l0."CreatedAt", l0."DeletedAt", l0."EndDate", l0."IsDeleted", l0."LeaveTypeId", l0."Reason", l0."ReviewedById", l0."StartDate", l0."Status", l0."UpdatedAt", l0."UserId"
    FROM "LeaveRequests" AS l0
    WHERE NOT (l0."IsDeleted")
) AS t ON l."LeaveRequestId" = t."Id"
WHERE NOT (l."IsDeleted")
2025-07-29 17:20:00,772 [.NET TP Worker] WARN  LeaveManagementSystem.Controllers.LeaveAttachmentController - No attachments found for LeaveRequestId: f8971c2f-1ba1-4b48-a39d-694c42633632
2025-07-29 17:20:02,199 [.NET TP Worker] INFO  LeaveManagementSystem.Middlewares.ExceptionHandlingMiddleware - [Incoming Request] Timestamp: 2025-07-29T11:50:02.1999620Z, Method: GET, Path: /api/v1/leave-requests, User: Roopan
2025-07-29 17:20:02,200 [.NET TP Worker] INFO  LeaveManagementSystem.Controllers.LeaveRequestController - Fetching all leave requests with pagination, search, filter, sort parameters.
2025-07-29 17:20:02,202 [.NET TP Worker] INFO  Microsoft.EntityFrameworkCore.Database.Command - Executed DbCommand (2ms) [Parameters=[], CommandType='Text', CommandTimeout='30']
SELECT l."Id", l."CreatedAt", l."DeletedAt", l."EndDate", l."IsDeleted", l."LeaveTypeId", l."Reason", l."ReviewedById", l."StartDate", l."Status", l."UpdatedAt", l."UserId", t."Id", t."CreatedAt", t."CreatedBy", t."DeletedAt", t."Email", t."Gender", t."IsActive", t."IsDeleted", t."LastLoginAt", t."PasswordHash", t."Role", t."Username", t0."Id", t0."CreatedAt", t0."CreatedBy", t0."DeletedAt", t0."Description", t0."IsDeleted", t0."Name", t0."StandardLeaveCount", t0."UpdatedAt", t0."UpdatedBy", t1."Id", t1."CreatedAt", t1."CreatedBy", t1."DeletedAt", t1."Email", t1."Gender", t1."IsActive", t1."IsDeleted", t1."LastLoginAt", t1."PasswordHash", t1."Role", t1."Username", t2."Id", t2."DeletedAt", t2."FileContent", t2."FileName", t2."IsDeleted", t2."LeaveRequestId", t2."UploadedAt"
FROM "LeaveRequests" AS l
INNER JOIN (
    SELECT u."Id", u."CreatedAt", u."CreatedBy", u."DeletedAt", u."Email", u."Gender", u."IsActive", u."IsDeleted", u."LastLoginAt", u."PasswordHash", u."Role", u."Username"
    FROM "Users" AS u
    WHERE NOT (u."IsDeleted")
) AS t ON l."UserId" = t."Id"
INNER JOIN (
    SELECT l0."Id", l0."CreatedAt", l0."CreatedBy", l0."DeletedAt", l0."Description", l0."IsDeleted", l0."Name", l0."StandardLeaveCount", l0."UpdatedAt", l0."UpdatedBy"
    FROM "LeaveTypes" AS l0
    WHERE NOT (l0."IsDeleted")
) AS t0 ON l."LeaveTypeId" = t0."Id"
LEFT JOIN (
    SELECT u0."Id", u0."CreatedAt", u0."CreatedBy", u0."DeletedAt", u0."Email", u0."Gender", u0."IsActive", u0."IsDeleted", u0."LastLoginAt", u0."PasswordHash", u0."Role", u0."Username"
    FROM "Users" AS u0
    WHERE NOT (u0."IsDeleted")
) AS t1 ON l."ReviewedById" = t1."Id"
LEFT JOIN (
    SELECT l1."Id", l1."DeletedAt", l1."FileContent", l1."FileName", l1."IsDeleted", l1."LeaveRequestId", l1."UploadedAt"
    FROM "LeaveAttachments" AS l1
    WHERE NOT (l1."IsDeleted")
) AS t2 ON l."Id" = t2."LeaveRequestId"
WHERE NOT (l."IsDeleted")
ORDER BY l."Id", t."Id", t0."Id", t1."Id"
2025-07-29 17:20:03,141 [.NET TP Worker] INFO  LeaveManagementSystem.Middlewares.ExceptionHandlingMiddleware - [Incoming Request] Timestamp: 2025-07-29T11:50:03.1416490Z, Method: GET, Path: /api/v1/leave-requests/fb3a7848-ea3c-4df3-8400-64c012a0d8e6, User: Roopan
2025-07-29 17:20:03,141 [.NET TP Worker] INFO  LeaveManagementSystem.Controllers.LeaveRequestController - Fetching leave request with ID: fb3a7848-ea3c-4df3-8400-64c012a0d8e6
2025-07-29 17:20:03,144 [.NET TP Worker] INFO  Microsoft.EntityFrameworkCore.Database.Command - Executed DbCommand (2ms) [Parameters=[@__key_0='?' (DbType = Guid)], CommandType='Text', CommandTimeout='30']
SELECT t2."Id", t2."CreatedAt", t2."DeletedAt", t2."EndDate", t2."IsDeleted", t2."LeaveTypeId", t2."Reason", t2."ReviewedById", t2."StartDate", t2."Status", t2."UpdatedAt", t2."UserId", t2."Id0", t2."CreatedAt0", t2."CreatedBy", t2."DeletedAt0", t2."Email", t2."Gender", t2."IsActive", t2."IsDeleted0", t2."LastLoginAt", t2."PasswordHash", t2."Role", t2."Username", t2."Id1", t2."CreatedAt1", t2."CreatedBy0", t2."DeletedAt1", t2."Description", t2."IsDeleted1", t2."Name", t2."StandardLeaveCount", t2."UpdatedAt0", t2."UpdatedBy", t2."Id2", t2."CreatedAt2", t2."CreatedBy1", t2."DeletedAt2", t2."Email0", t2."Gender0", t2."IsActive0", t2."IsDeleted2", t2."LastLoginAt0", t2."PasswordHash0", t2."Role0", t2."Username0", t3."Id", t3."DeletedAt", t3."FileContent", t3."FileName", t3."IsDeleted", t3."LeaveRequestId", t3."UploadedAt"
FROM (
    SELECT l."Id", l."CreatedAt", l."DeletedAt", l."EndDate", l."IsDeleted", l."LeaveTypeId", l."Reason", l."ReviewedById", l."StartDate", l."Status", l."UpdatedAt", l."UserId", t."Id" AS "Id0", t."CreatedAt" AS "CreatedAt0", t."CreatedBy", t."DeletedAt" AS "DeletedAt0", t."Email", t."Gender", t."IsActive", t."IsDeleted" AS "IsDeleted0", t."LastLoginAt", t."PasswordHash", t."Role", t."Username", t0."Id" AS "Id1", t0."CreatedAt" AS "CreatedAt1", t0."CreatedBy" AS "CreatedBy0", t0."DeletedAt" AS "DeletedAt1", t0."Description", t0."IsDeleted" AS "IsDeleted1", t0."Name", t0."StandardLeaveCount", t0."UpdatedAt" AS "UpdatedAt0", t0."UpdatedBy", t1."Id" AS "Id2", t1."CreatedAt" AS "CreatedAt2", t1."CreatedBy" AS "CreatedBy1", t1."DeletedAt" AS "DeletedAt2", t1."Email" AS "Email0", t1."Gender" AS "Gender0", t1."IsActive" AS "IsActive0", t1."IsDeleted" AS "IsDeleted2", t1."LastLoginAt" AS "LastLoginAt0", t1."PasswordHash" AS "PasswordHash0", t1."Role" AS "Role0", t1."Username" AS "Username0"
    FROM "LeaveRequests" AS l
    INNER JOIN (
        SELECT u."Id", u."CreatedAt", u."CreatedBy", u."DeletedAt", u."Email", u."Gender", u."IsActive", u."IsDeleted", u."LastLoginAt", u."PasswordHash", u."Role", u."Username"
        FROM "Users" AS u
        WHERE NOT (u."IsDeleted")
    ) AS t ON l."UserId" = t."Id"
    INNER JOIN (
        SELECT l0."Id", l0."CreatedAt", l0."CreatedBy", l0."DeletedAt", l0."Description", l0."IsDeleted", l0."Name", l0."StandardLeaveCount", l0."UpdatedAt", l0."UpdatedBy"
        FROM "LeaveTypes" AS l0
        WHERE NOT (l0."IsDeleted")
    ) AS t0 ON l."LeaveTypeId" = t0."Id"
    LEFT JOIN (
        SELECT u0."Id", u0."CreatedAt", u0."CreatedBy", u0."DeletedAt", u0."Email", u0."Gender", u0."IsActive", u0."IsDeleted", u0."LastLoginAt", u0."PasswordHash", u0."Role", u0."Username"
        FROM "Users" AS u0
        WHERE NOT (u0."IsDeleted")
    ) AS t1 ON l."ReviewedById" = t1."Id"
    WHERE NOT (l."IsDeleted") AND l."Id" = @__key_0
    LIMIT 1
) AS t2
LEFT JOIN (
    SELECT l1."Id", l1."DeletedAt", l1."FileContent", l1."FileName", l1."IsDeleted", l1."LeaveRequestId", l1."UploadedAt"
    FROM "LeaveAttachments" AS l1
    WHERE NOT (l1."IsDeleted")
) AS t3 ON t2."Id" = t3."LeaveRequestId"
ORDER BY t2."Id", t2."Id0", t2."Id1", t2."Id2"
2025-07-29 17:20:03,154 [.NET TP Worker] INFO  LeaveManagementSystem.Middlewares.ExceptionHandlingMiddleware - [Incoming Request] Timestamp: 2025-07-29T11:50:03.1542410Z, Method: GET, Path: /api/v1/leave-attachments/by-leave-request/fb3a7848-ea3c-4df3-8400-64c012a0d8e6, User: Roopan
2025-07-29 17:20:03,154 [.NET TP Worker] INFO  LeaveManagementSystem.Middlewares.ExceptionHandlingMiddleware - [Incoming Request] Timestamp: 2025-07-29T11:50:03.1542960Z, Method: GET, Path: /api/v1/leave-balance/user/394381f0-2817-4544-90f1-938149322be1/leaveType/0db4c90f-3394-4ad9-a850-a5435d9b2412, User: Roopan
2025-07-29 17:20:03,154 [.NET TP Worker] INFO  LeaveManagementSystem.Middlewares.ExceptionHandlingMiddleware - [Incoming Request] Timestamp: 2025-07-29T11:50:03.1543290Z, Method: GET, Path: /api/v1/leave-requests/fb3a7848-ea3c-4df3-8400-64c012a0d8e6/admin-override-comment, User: Roopan
2025-07-29 17:20:03,154 [.NET TP Worker] INFO  LeaveManagementSystem.Controllers.LeaveAttachmentController - Fetching attachments for LeaveRequestId: fb3a7848-ea3c-4df3-8400-64c012a0d8e6
2025-07-29 17:20:03,154 [.NET TP Worker] INFO  LeaveManagementSystem.Controllers.LeaveBalanceController - Fetching leave balance for user ID: 394381f0-2817-4544-90f1-938149322be1 and leave type ID: 0db4c90f-3394-4ad9-a850-a5435d9b2412
2025-07-29 17:20:03,156 [.NET TP Worker] INFO  Microsoft.EntityFrameworkCore.Database.Command - Executed DbCommand (1ms) [Parameters=[@__leaveRequestId_0='?' (DbType = Guid)], CommandType='Text', CommandTimeout='30']
SELECT l."Id", l."AdminId", l."Comment", l."CreatedAt", l."LeaveRequestId"
FROM "LeaveRequestComments" AS l
WHERE l."LeaveRequestId" = @__leaveRequestId_0 AND l."AdminId" <> '00000000-0000-0000-0000-000000000000'
ORDER BY l."CreatedAt" DESC
LIMIT 1
2025-07-29 17:20:03,158 [.NET TP Worker] INFO  Microsoft.EntityFrameworkCore.Database.Command - Executed DbCommand (2ms) [Parameters=[@__key_0='?' (DbType = Guid)], CommandType='Text', CommandTimeout='30']
SELECT t2."Id", t2."CreatedAt", t2."DeletedAt", t2."EndDate", t2."IsDeleted", t2."LeaveTypeId", t2."Reason", t2."ReviewedById", t2."StartDate", t2."Status", t2."UpdatedAt", t2."UserId", t2."Id0", t2."CreatedAt0", t2."CreatedBy", t2."DeletedAt0", t2."Email", t2."Gender", t2."IsActive", t2."IsDeleted0", t2."LastLoginAt", t2."PasswordHash", t2."Role", t2."Username", t2."Id1", t2."CreatedAt1", t2."CreatedBy0", t2."DeletedAt1", t2."Description", t2."IsDeleted1", t2."Name", t2."StandardLeaveCount", t2."UpdatedAt0", t2."UpdatedBy", t2."Id2", t2."CreatedAt2", t2."CreatedBy1", t2."DeletedAt2", t2."Email0", t2."Gender0", t2."IsActive0", t2."IsDeleted2", t2."LastLoginAt0", t2."PasswordHash0", t2."Role0", t2."Username0", t3."Id", t3."DeletedAt", t3."FileContent", t3."FileName", t3."IsDeleted", t3."LeaveRequestId", t3."UploadedAt"
FROM (
    SELECT l."Id", l."CreatedAt", l."DeletedAt", l."EndDate", l."IsDeleted", l."LeaveTypeId", l."Reason", l."ReviewedById", l."StartDate", l."Status", l."UpdatedAt", l."UserId", t."Id" AS "Id0", t."CreatedAt" AS "CreatedAt0", t."CreatedBy", t."DeletedAt" AS "DeletedAt0", t."Email", t."Gender", t."IsActive", t."IsDeleted" AS "IsDeleted0", t."LastLoginAt", t."PasswordHash", t."Role", t."Username", t0."Id" AS "Id1", t0."CreatedAt" AS "CreatedAt1", t0."CreatedBy" AS "CreatedBy0", t0."DeletedAt" AS "DeletedAt1", t0."Description", t0."IsDeleted" AS "IsDeleted1", t0."Name", t0."StandardLeaveCount", t0."UpdatedAt" AS "UpdatedAt0", t0."UpdatedBy", t1."Id" AS "Id2", t1."CreatedAt" AS "CreatedAt2", t1."CreatedBy" AS "CreatedBy1", t1."DeletedAt" AS "DeletedAt2", t1."Email" AS "Email0", t1."Gender" AS "Gender0", t1."IsActive" AS "IsActive0", t1."IsDeleted" AS "IsDeleted2", t1."LastLoginAt" AS "LastLoginAt0", t1."PasswordHash" AS "PasswordHash0", t1."Role" AS "Role0", t1."Username" AS "Username0"
    FROM "LeaveRequests" AS l
    INNER JOIN (
        SELECT u."Id", u."CreatedAt", u."CreatedBy", u."DeletedAt", u."Email", u."Gender", u."IsActive", u."IsDeleted", u."LastLoginAt", u."PasswordHash", u."Role", u."Username"
        FROM "Users" AS u
        WHERE NOT (u."IsDeleted")
    ) AS t ON l."UserId" = t."Id"
    INNER JOIN (
        SELECT l0."Id", l0."CreatedAt", l0."CreatedBy", l0."DeletedAt", l0."Description", l0."IsDeleted", l0."Name", l0."StandardLeaveCount", l0."UpdatedAt", l0."UpdatedBy"
        FROM "LeaveTypes" AS l0
        WHERE NOT (l0."IsDeleted")
    ) AS t0 ON l."LeaveTypeId" = t0."Id"
    LEFT JOIN (
        SELECT u0."Id", u0."CreatedAt", u0."CreatedBy", u0."DeletedAt", u0."Email", u0."Gender", u0."IsActive", u0."IsDeleted", u0."LastLoginAt", u0."PasswordHash", u0."Role", u0."Username"
        FROM "Users" AS u0
        WHERE NOT (u0."IsDeleted")
    ) AS t1 ON l."ReviewedById" = t1."Id"
    WHERE NOT (l."IsDeleted") AND l."Id" = @__key_0
    LIMIT 1
) AS t2
LEFT JOIN (
    SELECT l1."Id", l1."DeletedAt", l1."FileContent", l1."FileName", l1."IsDeleted", l1."LeaveRequestId", l1."UploadedAt"
    FROM "LeaveAttachments" AS l1
    WHERE NOT (l1."IsDeleted")
) AS t3 ON t2."Id" = t3."LeaveRequestId"
ORDER BY t2."Id", t2."Id0", t2."Id1", t2."Id2"
2025-07-29 17:20:03,159 [.NET TP Worker] INFO  Microsoft.EntityFrameworkCore.Database.Command - Executed DbCommand (4ms) [Parameters=[@__key_0='?' (DbType = Guid)], CommandType='Text', CommandTimeout='30']
SELECT t."Id", t."CreatedAt", t."CreatedBy", t."DeletedAt", t."Email", t."Gender", t."IsActive", t."IsDeleted", t."LastLoginAt", t."PasswordHash", t."Role", t."Username", t0."Id", t0."LeaveTypeId", t0."TotalLeaves", t0."UsedLeaves", t0."UserId", t0."Id0", t0."CreatedAt", t0."CreatedBy", t0."DeletedAt", t0."Description", t0."IsDeleted", t0."Name", t0."StandardLeaveCount", t0."UpdatedAt", t0."UpdatedBy", t2."Id", t2."CreatedAt", t2."DeletedAt", t2."EndDate", t2."IsDeleted", t2."LeaveTypeId", t2."Reason", t2."ReviewedById", t2."StartDate", t2."Status", t2."UpdatedAt", t2."UserId", t2."Id0", t2."CreatedAt0", t2."CreatedBy", t2."DeletedAt0", t2."Description", t2."IsDeleted0", t2."Name", t2."StandardLeaveCount", t2."UpdatedAt0", t2."UpdatedBy", t2."Id1", t2."CreatedAt1", t2."CreatedBy0", t2."DeletedAt1", t2."Email", t2."Gender", t2."IsActive", t2."IsDeleted1", t2."LastLoginAt", t2."PasswordHash", t2."Role", t2."Username"
FROM (
    SELECT u."Id", u."CreatedAt", u."CreatedBy", u."DeletedAt", u."Email", u."Gender", u."IsActive", u."IsDeleted", u."LastLoginAt", u."PasswordHash", u."Role", u."Username"
    FROM "Users" AS u
    WHERE NOT (u."IsDeleted") AND u."Id" = @__key_0 AND NOT (u."IsDeleted")
    LIMIT 1
) AS t
LEFT JOIN (
    SELECT l."Id", l."LeaveTypeId", l."TotalLeaves", l."UsedLeaves", l."UserId", t1."Id" AS "Id0", t1."CreatedAt", t1."CreatedBy", t1."DeletedAt", t1."Description", t1."IsDeleted", t1."Name", t1."StandardLeaveCount", t1."UpdatedAt", t1."UpdatedBy"
    FROM "LeaveBalances" AS l
    INNER JOIN (
        SELECT l0."Id", l0."CreatedAt", l0."CreatedBy", l0."DeletedAt", l0."Description", l0."IsDeleted", l0."Name", l0."StandardLeaveCount", l0."UpdatedAt", l0."UpdatedBy"
        FROM "LeaveTypes" AS l0
        WHERE NOT (l0."IsDeleted")
    ) AS t1 ON l."LeaveTypeId" = t1."Id"
) AS t0 ON t."Id" = t0."UserId"
LEFT JOIN (
    SELECT l1."Id", l1."CreatedAt", l1."DeletedAt", l1."EndDate", l1."IsDeleted", l1."LeaveTypeId", l1."Reason", l1."ReviewedById", l1."StartDate", l1."Status", l1."UpdatedAt", l1."UserId", t3."Id" AS "Id0", t3."CreatedAt" AS "CreatedAt0", t3."CreatedBy", t3."DeletedAt" AS "DeletedAt0", t3."Description", t3."IsDeleted" AS "IsDeleted0", t3."Name", t3."StandardLeaveCount", t3."UpdatedAt" AS "UpdatedAt0", t3."UpdatedBy", t4."Id" AS "Id1", t4."CreatedAt" AS "CreatedAt1", t4."CreatedBy" AS "CreatedBy0", t4."DeletedAt" AS "DeletedAt1", t4."Email", t4."Gender", t4."IsActive", t4."IsDeleted" AS "IsDeleted1", t4."LastLoginAt", t4."PasswordHash", t4."Role", t4."Username"
    FROM "LeaveRequests" AS l1
    INNER JOIN (
        SELECT l2."Id", l2."CreatedAt", l2."CreatedBy", l2."DeletedAt", l2."Description", l2."IsDeleted", l2."Name", l2."StandardLeaveCount", l2."UpdatedAt", l2."UpdatedBy"
        FROM "LeaveTypes" AS l2
        WHERE NOT (l2."IsDeleted")
    ) AS t3 ON l1."LeaveTypeId" = t3."Id"
    LEFT JOIN (
        SELECT u0."Id", u0."CreatedAt", u0."CreatedBy", u0."DeletedAt", u0."Email", u0."Gender", u0."IsActive", u0."IsDeleted", u0."LastLoginAt", u0."PasswordHash", u0."Role", u0."Username"
        FROM "Users" AS u0
        WHERE NOT (u0."IsDeleted")
    ) AS t4 ON l1."ReviewedById" = t4."Id"
    WHERE NOT (l1."IsDeleted")
) AS t2 ON t."Id" = t2."UserId"
ORDER BY t."Id", t0."Id", t0."Id0", t2."Id", t2."Id0"
2025-07-29 17:20:03,159 [.NET TP Worker] INFO  Microsoft.EntityFrameworkCore.Database.Command - Executed DbCommand (1ms) [Parameters=[], CommandType='Text', CommandTimeout='30']
SELECT l."Id", l."DeletedAt", l."FileContent", l."FileName", l."IsDeleted", l."LeaveRequestId", l."UploadedAt", t."Id", t."CreatedAt", t."DeletedAt", t."EndDate", t."IsDeleted", t."LeaveTypeId", t."Reason", t."ReviewedById", t."StartDate", t."Status", t."UpdatedAt", t."UserId"
FROM "LeaveAttachments" AS l
INNER JOIN (
    SELECT l0."Id", l0."CreatedAt", l0."DeletedAt", l0."EndDate", l0."IsDeleted", l0."LeaveTypeId", l0."Reason", l0."ReviewedById", l0."StartDate", l0."Status", l0."UpdatedAt", l0."UserId"
    FROM "LeaveRequests" AS l0
    WHERE NOT (l0."IsDeleted")
) AS t ON l."LeaveRequestId" = t."Id"
WHERE NOT (l."IsDeleted")
2025-07-29 17:20:03,159 [.NET TP Worker] WARN  LeaveManagementSystem.Controllers.LeaveAttachmentController - No attachments found for LeaveRequestId: fb3a7848-ea3c-4df3-8400-64c012a0d8e6
2025-07-29 17:20:09,727 [.NET TP Worker] INFO  LeaveManagementSystem.Middlewares.ExceptionHandlingMiddleware - [Incoming Request] Timestamp: 2025-07-29T11:50:09.7276820Z, Method: GET, Path: /api/v1/leave-requests, User: Roopan
2025-07-29 17:20:09,728 [.NET TP Worker] INFO  LeaveManagementSystem.Controllers.LeaveRequestController - Fetching all leave requests with pagination, search, filter, sort parameters.
2025-07-29 17:20:09,731 [.NET TP Worker] INFO  Microsoft.EntityFrameworkCore.Database.Command - Executed DbCommand (3ms) [Parameters=[], CommandType='Text', CommandTimeout='30']
SELECT l."Id", l."CreatedAt", l."DeletedAt", l."EndDate", l."IsDeleted", l."LeaveTypeId", l."Reason", l."ReviewedById", l."StartDate", l."Status", l."UpdatedAt", l."UserId", t."Id", t."CreatedAt", t."CreatedBy", t."DeletedAt", t."Email", t."Gender", t."IsActive", t."IsDeleted", t."LastLoginAt", t."PasswordHash", t."Role", t."Username", t0."Id", t0."CreatedAt", t0."CreatedBy", t0."DeletedAt", t0."Description", t0."IsDeleted", t0."Name", t0."StandardLeaveCount", t0."UpdatedAt", t0."UpdatedBy", t1."Id", t1."CreatedAt", t1."CreatedBy", t1."DeletedAt", t1."Email", t1."Gender", t1."IsActive", t1."IsDeleted", t1."LastLoginAt", t1."PasswordHash", t1."Role", t1."Username", t2."Id", t2."DeletedAt", t2."FileContent", t2."FileName", t2."IsDeleted", t2."LeaveRequestId", t2."UploadedAt"
FROM "LeaveRequests" AS l
INNER JOIN (
    SELECT u."Id", u."CreatedAt", u."CreatedBy", u."DeletedAt", u."Email", u."Gender", u."IsActive", u."IsDeleted", u."LastLoginAt", u."PasswordHash", u."Role", u."Username"
    FROM "Users" AS u
    WHERE NOT (u."IsDeleted")
) AS t ON l."UserId" = t."Id"
INNER JOIN (
    SELECT l0."Id", l0."CreatedAt", l0."CreatedBy", l0."DeletedAt", l0."Description", l0."IsDeleted", l0."Name", l0."StandardLeaveCount", l0."UpdatedAt", l0."UpdatedBy"
    FROM "LeaveTypes" AS l0
    WHERE NOT (l0."IsDeleted")
) AS t0 ON l."LeaveTypeId" = t0."Id"
LEFT JOIN (
    SELECT u0."Id", u0."CreatedAt", u0."CreatedBy", u0."DeletedAt", u0."Email", u0."Gender", u0."IsActive", u0."IsDeleted", u0."LastLoginAt", u0."PasswordHash", u0."Role", u0."Username"
    FROM "Users" AS u0
    WHERE NOT (u0."IsDeleted")
) AS t1 ON l."ReviewedById" = t1."Id"
LEFT JOIN (
    SELECT l1."Id", l1."DeletedAt", l1."FileContent", l1."FileName", l1."IsDeleted", l1."LeaveRequestId", l1."UploadedAt"
    FROM "LeaveAttachments" AS l1
    WHERE NOT (l1."IsDeleted")
) AS t2 ON l."Id" = t2."LeaveRequestId"
WHERE NOT (l."IsDeleted")
ORDER BY l."Id", t."Id", t0."Id", t1."Id"
2025-07-29 17:20:33,170 [.NET Signal Handler] INFO  Microsoft.Hosting.Lifetime - Application is shutting down...
